﻿<?xml version="1.0" encoding="utf-8" ?>
<c2eventsheet>
    <!--All the 'name' attributes are ignored by Construct 2 - they are there for readability only.-->
    <name>credit</name>
    <events>
        <event-block sid="267293688269247">
            <conditions>
                <condition id="3" name="On touched object" sid="860661826914148" type="Touch">
                    <param id="0" name="Object">btnexit</param>
                </condition>
            </conditions>
            <actions>
                <action id="-2" name="Go to layout" sid="190157719149479" type="System">
                    <param id="0" name="Layout">menu</param>
                </action>
            </actions>
        </event-block>
        <event-block sid="138012185081134">
            <conditions>
                <condition id="-2" name="On start of layout" sid="846139925748250" type="System" />
            </conditions>
            <actions>
                <action id="0" name="Set text" sid="823531060528327" type="header">
                    <param id="0" name="Text">&quot;INFO AND SUPPORT&quot;</param>
                </action>
                <action id="0" name="Set text" sid="246891213972620" type="body">
                    <param id="0" name="Text">&quot;This game was built as an assignment for University of Technology, Mauritius. A special thanks goes to Mr. Riyad Dhunny and Mr Geerish Suddul as well as my parents.Who without their support this would have never brrn possible.&quot;</param>
                </action>
                <action id="-16" name="Wait" sid="255670026554221" type="System">
                    <param id="0" name="Seconds">2.5</param>
                </action>
                <action id="0" name="Set text" sid="793550078058395" type="header">
                    <param id="0" name="Text">&quot;CREDITS&quot;</param>
                </action>
                <action id="0" name="Set text" sid="508323403050848" type="body">
                    <param id="0" name="Text">&quot;This game was design by Echonga Tobby&quot;</param>
                </action>
                <action id="-16" name="Wait" sid="323942286603405" type="System">
                    <param id="0" name="Seconds">2.5</param>
                </action>
                <action id="0" name="Set text" sid="741553446294339" type="header">
                    <param id="0" name="Text">&quot;ASSETS&quot;</param>
                </action>
                <action id="0" name="Set text" sid="118004880281525" type="body">
                    <param id="0" name="Text">&quot;The assets was downloaded and some was bought from the following website: OpenGameArt, KennyNL, GameArt2D, GameDeveloperStudio, CraftPik, OpenClipArt, GameDevMarket.&quot;</param>
                </action>
                <action id="-16" name="Wait" sid="728705300796742" type="System">
                    <param id="0" name="Seconds">2.5</param>
                </action>
                <action id="0" name="Set text" sid="641465085213688" type="header">
                    <param id="0" name="Text">&quot;SOUND AND MUSIC&quot;</param>
                </action>
                <action id="0" name="Set text" sid="318296752097506" type="body">
                    <param id="0" name="Text">&quot;Sound and music was either downloaded from an OpenGameArts or created in SFX&quot;</param>
                </action>
            </actions>
        </event-block>
    </events>
</c2eventsheet>
