﻿<?xml version="1.0" encoding="utf-8" ?>
<c2eventsheet>
    <!--All the 'name' attributes are ignored by Construct 2 - they are there for readability only.-->
    <name>e_help</name>
    <events>
        <event-block sid="419070309281309">
            <conditions>
                <condition id="3" name="On touched object" sid="661400474459644" type="Touch">
                    <param id="0" name="Object">btnexit</param>
                </condition>
            </conditions>
            <actions>
                <action id="-2" name="Go to layout" sid="194458668997810" type="System">
                    <param id="0" name="Layout">menu</param>
                </action>
                <action id="0" name="Play" sid="125341254065854" type="Audio">
                    <param id="0" name="Audio file">Loop</param>
                    <param id="2" name="Loop">0</param>
                    <param id="3" name="Volume">-10</param>
                    <param id="1" name="Tag (optional)">&quot;music&quot;</param>
                </action>
            </actions>
        </event-block>
    </events>
</c2eventsheet>
