﻿<?xml version="1.0" encoding="utf-8" ?>
<c2eventsheet>
    <!--All the 'name' attributes are ignored by Construct 2 - they are there for readability only.-->
    <name>e_levels</name>
    <events>
        <event-block sid="736202067543886">
            <conditions>
                <condition id="-2" name="On start of layout" sid="854806625292582" type="System" />
            </conditions>
            <actions>
                <action id="-4" name="Set layer visible" sid="362349589887478" type="System">
                    <param id="0" name="Layer">&quot;gameover&quot;</param>
                    <param id="1" name="Visibility">0</param>
                </action>
                <action id="-4" name="Set layer visible" sid="712788527354293" type="System">
                    <param id="0" name="Layer">&quot;pause&quot;</param>
                    <param id="1" name="Visibility">0</param>
                </action>
                <action behavior="Pin" id="0" name="Pin to object" sid="266094498262578" type="hero">
                    <param id="0" name="Pin to">hero_shadow</param>
                    <param id="1" name="Mode">1</param>
                </action>
                <action id="4" name="Set animation" sid="357055066726082" type="hero">
                    <param id="0" name="Animation">&quot;attack&quot;</param>
                    <param id="1" name="From">1</param>
                </action>
                <action id="1" name="Set visible" sid="936799994462240" type="BarProgress">
                    <param id="0" name="Visibility">1</param>
                </action>
                <action id="3" name="Set progress" sid="327523212878217" type="BarProgress">
                    <param id="0" name="Value">hero.health</param>
                </action>
                <action id="4" name="Set animation" sid="536426683246503" type="enemies">
                    <param id="0" name="Animation">&quot;attack&quot;</param>
                    <param id="1" name="From">1</param>
                </action>
                <action id="-9" name="Set value" sid="555375550293178" type="System">
                    <param id="0" name="Variable">Pause</param>
                    <param id="1" name="Value">1</param>
                </action>
                <action id="-9" name="Set value" sid="549795471492512" type="System">
                    <param id="0" name="Variable">enemyDestroy</param>
                    <param id="1" name="Value">0</param>
                </action>
            </actions>
            <sub-events>
                <event-block sid="592740125334340">
                    <conditions>
                        <condition id="-14" name="Compare variable" sid="658214491458836" type="System">
                            <param id="0" name="Variable">Pause</param>
                            <param id="1" name="Comparison">0</param>
                            <param id="2" name="Value">1</param>
                        </condition>
                    </conditions>
                    <actions>
                        <action id="-13" name="Set time scale" sid="353813244978766" type="System">
                            <param id="0" name="Time scale">1</param>
                        </action>
                        <action id="-4" name="Set layer visible" sid="775687496906465" type="System">
                            <param id="0" name="Layer">&quot;pause&quot;</param>
                            <param id="1" name="Visibility">0</param>
                        </action>
                        <action id="-9" name="Set value" sid="898250093811464" type="System">
                            <param id="0" name="Variable">Pause</param>
                            <param id="1" name="Value">0</param>
                        </action>
                    </actions>
                </event-block>
            </sub-events>
        </event-block>
        <event-block sid="102131171779621">
            <conditions>
                <condition id="3" name="On touched object" sid="810408126156815" type="Touch">
                    <param id="0" name="Object">btnexit</param>
                </condition>
            </conditions>
            <actions>
                <action id="-2" name="Go to layout" sid="132724065909795" type="System">
                    <param id="0" name="Layout">menu</param>
                </action>
            </actions>
        </event-block>
        <event-block sid="545367673491944">
            <conditions>
                <condition id="3" name="On touched object" sid="915047067344321" type="Touch">
                    <param id="0" name="Object">bg_stage</param>
                </condition>
            </conditions>
            <actions>
                <action behavior="Flash" id="0" name="Flash" sid="477032583588920" type="menutxt">
                    <param id="0" name="&apos;On&apos; time">0.1</param>
                    <param id="1" name="&apos;Off&apos; time">0.1</param>
                    <param id="2" name="Duration">1.0</param>
                </action>
                <action id="-16" name="Wait" sid="109055584741888" type="System">
                    <param id="0" name="Seconds">1.0</param>
                </action>
                <action id="-2" name="Go to layout" sid="988009487913512" type="System">
                    <param id="0" name="Layout">stage1</param>
                </action>
            </actions>
        </event-block>
        <event-block sid="720757189387762">
            <conditions>
                <condition id="3" name="On touched object" sid="668355687717302" type="Touch">
                    <param id="0" name="Object">bg_stage2</param>
                </condition>
            </conditions>
            <actions>
                <action behavior="Flash" id="0" name="Flash" sid="917935773242474" type="menutxt3">
                    <param id="0" name="&apos;On&apos; time">0.1</param>
                    <param id="1" name="&apos;Off&apos; time">0.1</param>
                    <param id="2" name="Duration">1.0</param>
                </action>
                <action id="-16" name="Wait" sid="518971203155894" type="System">
                    <param id="0" name="Seconds">1.0</param>
                </action>
                <action id="-2" name="Go to layout" sid="726102387512808" type="System">
                    <param id="0" name="Layout">stage2</param>
                </action>
            </actions>
        </event-block>
        <event-block sid="409925828669330">
            <conditions>
                <condition id="3" name="On touched object" sid="138411254839462" type="Touch">
                    <param id="0" name="Object">bg_stage3</param>
                </condition>
            </conditions>
            <actions>
                <action behavior="Flash" id="0" name="Flash" sid="251614000806099" type="menutxt2">
                    <param id="0" name="&apos;On&apos; time">0.1</param>
                    <param id="1" name="&apos;Off&apos; time">0.1</param>
                    <param id="2" name="Duration">1.0</param>
                </action>
                <action id="-16" name="Wait" sid="614436126121832" type="System">
                    <param id="0" name="Seconds">1.0</param>
                </action>
                <action id="-2" name="Go to layout" sid="921039205232571" type="System">
                    <param id="0" name="Layout">stage3</param>
                </action>
            </actions>
        </event-block>
    </events>
</c2eventsheet>
