﻿<?xml version="1.0" encoding="utf-8" ?>
<c2eventsheet>
    <!--All the 'name' attributes are ignored by Construct 2 - they are there for readability only.-->
    <name>e_loader</name>
    <events>
        <event-block sid="777439368876666">
            <conditions>
                <condition id="-1" name="Every tick" sid="455728370339702" type="System" />
            </conditions>
            <actions>
                <action id="0" name="Set text" sid="836967473461864" type="loader">
                    <param id="0" name="Text">round(loadingprogress*100)&amp;&quot; %&quot;</param>
                </action>
                <action id="-5" name="Set width" sid="985403614946229" type="loader2">
                    <param id="0" name="Width">round(loadingprogress*792)</param>
                </action>
            </actions>
        </event-block>
        <event-block sid="125371730737789">
            <conditions>
                <condition id="-25" name="On loader layout complete" sid="521887954514896" type="System" />
            </conditions>
            <actions>
                <action id="-2" name="Go to layout" sid="840344008785098" type="System">
                    <param id="0" name="Layout">menu</param>
                </action>
            </actions>
        </event-block>
    </events>
</c2eventsheet>
