﻿<?xml version="1.0" encoding="utf-8" ?>
<c2eventsheet>
    <!--All the 'name' attributes are ignored by Construct 2 - they are there for readability only.-->
    <name>e_menu</name>
    <events>
        <include>e_music</include>
        <event-block sid="230486365572211">
            <conditions>
                <condition id="-2" name="On start of layout" sid="513076164491731" type="System" />
            </conditions>
            <actions>
                <action id="0" name="Play" sid="266228075584105" type="Audio">
                    <param id="0" name="Audio file">Loop</param>
                    <param id="2" name="Loop">1</param>
                    <param id="3" name="Volume">-10</param>
                    <param id="1" name="Tag (optional)">&quot;music&quot;</param>
                </action>
                <action behavior="Pin" id="0" name="Pin to object" sid="349047726328976" type="hero">
                    <param id="0" name="Pin to">hero_shadow</param>
                    <param id="1" name="Mode">1</param>
                </action>
                <action id="-13" name="Set time scale" sid="986742449180768" type="System">
                    <param id="0" name="Time scale">1</param>
                </action>
            </actions>
        </event-block>
        <event-block sid="664079891749425">
            <conditions>
                <condition id="0" name="On collision with another object" sid="592330404257723" type="enemies">
                    <param id="0" name="Object">enemybarrier</param>
                </condition>
            </conditions>
            <actions />
            <sub-events>
                <event-block sid="297912349747011">
                    <conditions>
                        <condition id="-7" name="Compare instance variable" sid="319908489134027" type="enemies">
                            <param id="0" name="Instance variable">direction</param>
                            <param id="1" name="Comparison">0</param>
                            <param id="2" name="Value">&quot;right&quot;</param>
                        </condition>
                    </conditions>
                    <actions>
                        <action id="-10" name="Set value" sid="581425833548463" type="enemies">
                            <param id="0" name="Instance variable">direction</param>
                            <param id="1" name="Value">&quot;left&quot;</param>
                        </action>
                    </actions>
                </event-block>
                <event-block sid="115042616244546">
                    <conditions>
                        <condition id="-22" name="Else" sid="232292567321564" type="System" />
                    </conditions>
                    <actions>
                        <action id="-10" name="Set value" sid="530741052743523" type="enemies">
                            <param id="0" name="Instance variable">direction</param>
                            <param id="1" name="Value">&quot;right&quot;</param>
                        </action>
                    </actions>
                </event-block>
            </sub-events>
        </event-block>
        <event-block sid="464028091655960">
            <conditions>
                <condition id="-7" name="Compare instance variable" sid="480293517936684" type="enemy1">
                    <param id="0" name="Instance variable">direction</param>
                    <param id="1" name="Comparison">0</param>
                    <param id="2" name="Value">&quot;right&quot;</param>
                </condition>
            </conditions>
            <actions>
                <action behavior="Platform" id="7" name="Simulate control" sid="792385875777668" type="enemy1">
                    <param id="0" name="Control">1</param>
                </action>
                <action id="7" name="Set mirrored" sid="879103667635656" type="enemy1">
                    <param id="0" name="State">1</param>
                </action>
            </actions>
        </event-block>
        <event-block sid="655273289749885">
            <conditions>
                <condition id="-7" name="Compare instance variable" sid="678328171890930" type="enemy1">
                    <param id="0" name="Instance variable">direction</param>
                    <param id="1" name="Comparison">0</param>
                    <param id="2" name="Value">&quot;left&quot;</param>
                </condition>
            </conditions>
            <actions>
                <action behavior="Platform" id="7" name="Simulate control" sid="212976230205943" type="enemy1">
                    <param id="0" name="Control">0</param>
                </action>
                <action id="7" name="Set mirrored" sid="621068914658343" type="enemy1">
                    <param id="0" name="State">0</param>
                </action>
            </actions>
        </event-block>
        <event-block sid="275106683175016">
            <conditions>
                <condition id="-7" name="Compare instance variable" sid="563811948224421" type="enemy2">
                    <param id="0" name="Instance variable">direction</param>
                    <param id="1" name="Comparison">0</param>
                    <param id="2" name="Value">&quot;right&quot;</param>
                </condition>
            </conditions>
            <actions>
                <action behavior="Platform" id="7" name="Simulate control" sid="758711596517295" type="enemy2">
                    <param id="0" name="Control">1</param>
                </action>
                <action id="7" name="Set mirrored" sid="738021620931836" type="enemy2">
                    <param id="0" name="State">1</param>
                </action>
            </actions>
        </event-block>
        <event-block sid="340898703479162">
            <conditions>
                <condition id="-7" name="Compare instance variable" sid="140465983535753" type="enemy2">
                    <param id="0" name="Instance variable">direction</param>
                    <param id="1" name="Comparison">0</param>
                    <param id="2" name="Value">&quot;left&quot;</param>
                </condition>
            </conditions>
            <actions>
                <action behavior="Platform" id="7" name="Simulate control" sid="636677672039379" type="enemy2">
                    <param id="0" name="Control">0</param>
                </action>
                <action id="7" name="Set mirrored" sid="783164097366288" type="enemy2">
                    <param id="0" name="State">0</param>
                </action>
            </actions>
        </event-block>
        <event-block sid="991280103626616">
            <conditions>
                <condition id="-7" name="Compare instance variable" sid="534427030195637" type="enemy3">
                    <param id="0" name="Instance variable">direction</param>
                    <param id="1" name="Comparison">0</param>
                    <param id="2" name="Value">&quot;right&quot;</param>
                </condition>
            </conditions>
            <actions>
                <action behavior="Platform" id="7" name="Simulate control" sid="230728435966010" type="enemy3">
                    <param id="0" name="Control">1</param>
                </action>
                <action id="7" name="Set mirrored" sid="132253704071282" type="enemy3">
                    <param id="0" name="State">1</param>
                </action>
            </actions>
        </event-block>
        <event-block sid="676333847057258">
            <conditions>
                <condition id="-7" name="Compare instance variable" sid="863782632389072" type="enemy3">
                    <param id="0" name="Instance variable">direction</param>
                    <param id="1" name="Comparison">0</param>
                    <param id="2" name="Value">&quot;left&quot;</param>
                </condition>
            </conditions>
            <actions>
                <action behavior="Platform" id="7" name="Simulate control" sid="454213736538319" type="enemy3">
                    <param id="0" name="Control">0</param>
                </action>
                <action id="7" name="Set mirrored" sid="570079932710087" type="enemy3">
                    <param id="0" name="State">0</param>
                </action>
            </actions>
        </event-block>
        <event-block sid="823097774219339">
            <conditions>
                <condition id="-7" name="Compare instance variable" sid="473292514383764" type="enemy4">
                    <param id="0" name="Instance variable">direction</param>
                    <param id="1" name="Comparison">0</param>
                    <param id="2" name="Value">&quot;right&quot;</param>
                </condition>
            </conditions>
            <actions>
                <action behavior="Platform" id="7" name="Simulate control" sid="354599906127400" type="enemy4">
                    <param id="0" name="Control">1</param>
                </action>
                <action id="7" name="Set mirrored" sid="223113685771745" type="enemy4">
                    <param id="0" name="State">1</param>
                </action>
            </actions>
        </event-block>
        <event-block sid="909514464895985">
            <conditions>
                <condition id="-7" name="Compare instance variable" sid="890733486125063" type="enemy4">
                    <param id="0" name="Instance variable">direction</param>
                    <param id="1" name="Comparison">0</param>
                    <param id="2" name="Value">&quot;left&quot;</param>
                </condition>
            </conditions>
            <actions>
                <action behavior="Platform" id="7" name="Simulate control" sid="976065151150791" type="enemy4">
                    <param id="0" name="Control">0</param>
                </action>
                <action id="7" name="Set mirrored" sid="528000288082177" type="enemy4">
                    <param id="0" name="State">0</param>
                </action>
            </actions>
        </event-block>
        <event-block sid="280978219288775">
            <conditions>
                <condition id="-7" name="Compare instance variable" sid="768922214881926" type="enemy5">
                    <param id="0" name="Instance variable">direction</param>
                    <param id="1" name="Comparison">0</param>
                    <param id="2" name="Value">&quot;right&quot;</param>
                </condition>
            </conditions>
            <actions>
                <action behavior="Platform" id="7" name="Simulate control" sid="552592617707938" type="enemy5">
                    <param id="0" name="Control">1</param>
                </action>
                <action id="7" name="Set mirrored" sid="899826984671324" type="enemy5">
                    <param id="0" name="State">1</param>
                </action>
            </actions>
        </event-block>
        <event-block sid="771056519963396">
            <conditions>
                <condition id="-7" name="Compare instance variable" sid="263009869110425" type="enemy5">
                    <param id="0" name="Instance variable">direction</param>
                    <param id="1" name="Comparison">0</param>
                    <param id="2" name="Value">&quot;left&quot;</param>
                </condition>
            </conditions>
            <actions>
                <action behavior="Platform" id="7" name="Simulate control" sid="400422957290999" type="enemy5">
                    <param id="0" name="Control">0</param>
                </action>
                <action id="7" name="Set mirrored" sid="363574466498917" type="enemy5">
                    <param id="0" name="State">0</param>
                </action>
            </actions>
        </event-block>
        <event-block sid="739539684735353">
            <conditions>
                <condition id="-2" name="On start of layout" sid="937161829876435" type="System" />
            </conditions>
            <actions>
                <action id="4" name="Set animation" sid="250284724605721" type="enemies">
                    <param id="0" name="Animation">&quot;walk&quot;</param>
                    <param id="1" name="From">1</param>
                </action>
            </actions>
        </event-block>
        <event-block sid="137638813986019">
            <conditions>
                <condition id="17" name="On tap object" sid="814581677407872" type="Touch">
                    <param id="0" name="Object">b_start</param>
                </condition>
            </conditions>
            <actions>
                <action behavior="Flash" id="0" name="Flash" sid="826931908476805" type="w_Start">
                    <param id="0" name="&apos;On&apos; time">0.1</param>
                    <param id="1" name="&apos;Off&apos; time">0.1</param>
                    <param id="2" name="Duration">1.0</param>
                </action>
                <action id="-16" name="Wait" sid="948242548397035" type="System">
                    <param id="0" name="Seconds">1.0</param>
                </action>
                <action id="-2" name="Go to layout" sid="767634572902680" type="System">
                    <param id="0" name="Layout">stage1</param>
                </action>
            </actions>
        </event-block>
        <event-block sid="243797155836553">
            <conditions>
                <condition id="17" name="On tap object" sid="218928902234534" type="Touch">
                    <param id="0" name="Object">b_help</param>
                </condition>
            </conditions>
            <actions>
                <action behavior="Flash" id="0" name="Flash" sid="817611567117228" type="w_Help">
                    <param id="0" name="&apos;On&apos; time">0.1</param>
                    <param id="1" name="&apos;Off&apos; time">0.1</param>
                    <param id="2" name="Duration">1.0</param>
                </action>
                <action id="-16" name="Wait" sid="753179317656983" type="System">
                    <param id="0" name="Seconds">1.0</param>
                </action>
                <action id="-2" name="Go to layout" sid="167424061803764" type="System">
                    <param id="0" name="Layout">help</param>
                </action>
            </actions>
        </event-block>
        <event-block sid="237672628626889">
            <conditions>
                <condition id="17" name="On tap object" sid="675735582848959" type="Touch">
                    <param id="0" name="Object">b_story</param>
                </condition>
            </conditions>
            <actions>
                <action behavior="Flash" id="0" name="Flash" sid="450058530336709" type="w_Story">
                    <param id="0" name="&apos;On&apos; time">0.1</param>
                    <param id="1" name="&apos;Off&apos; time">0.1</param>
                    <param id="2" name="Duration">1.0</param>
                </action>
                <action id="-16" name="Wait" sid="129953913036088" type="System">
                    <param id="0" name="Seconds">1.0</param>
                </action>
                <action id="-2" name="Go to layout" sid="660858666020704" type="System">
                    <param id="0" name="Layout">story</param>
                </action>
            </actions>
        </event-block>
        <event-block sid="621412529150693">
            <conditions>
                <condition id="3" name="On touched object" sid="679270006132429" type="Touch">
                    <param id="0" name="Object">b_levels</param>
                </condition>
            </conditions>
            <actions>
                <action behavior="Flash" id="0" name="Flash" sid="958397690026953" type="w_Levels">
                    <param id="0" name="&apos;On&apos; time">0.1</param>
                    <param id="1" name="&apos;Off&apos; time">0.1</param>
                    <param id="2" name="Duration">1.0</param>
                </action>
                <action id="-16" name="Wait" sid="651257319354653" type="System">
                    <param id="0" name="Seconds">1.0</param>
                </action>
                <action id="-2" name="Go to layout" sid="866234229041091" type="System">
                    <param id="0" name="Layout">levels</param>
                </action>
            </actions>
        </event-block>
        <event-block sid="111151080074785">
            <conditions>
                <condition id="3" name="On touched object" sid="789662739881942" type="Touch">
                    <param id="0" name="Object">b_credits</param>
                </condition>
            </conditions>
            <actions>
                <action behavior="Flash" id="0" name="Flash" sid="948605086438824" type="w_Credits">
                    <param id="0" name="&apos;On&apos; time">0.1</param>
                    <param id="1" name="&apos;Off&apos; time">0.1</param>
                    <param id="2" name="Duration">1.0</param>
                </action>
                <action id="-16" name="Wait" sid="877418064824375" type="System">
                    <param id="0" name="Seconds">1.0</param>
                </action>
                <action id="-2" name="Go to layout" sid="734112235816783" type="System">
                    <param id="0" name="Layout">credit</param>
                </action>
            </actions>
        </event-block>
    </events>
</c2eventsheet>
