﻿<?xml version="1.0" encoding="utf-8" ?>
<c2eventsheet>
    <!--All the 'name' attributes are ignored by Construct 2 - they are there for readability only.-->
    <name>e_movement</name>
    <events>
        <comment>OnMovement</comment>
        <variable constant="0" name="stair" sid="772780293854135" static="0" type="number">0</variable>
        <comment>Stair button activated on pressed</comment>
        <event-block sid="124355856786772">
            <conditions>
                <condition id="3" name="On touched object" sid="521004631282685" type="Touch">
                    <param id="0" name="Object">btnswitch</param>
                </condition>
            </conditions>
            <actions>
                <action id="-10" name="Add to" sid="885948899128959" type="System">
                    <param id="0" name="Variable">stair</param>
                    <param id="1" name="Value">1</param>
                </action>
                <action id="5" name="Set frame" sid="880894560538202" type="btnswitch">
                    <param id="0" name="Frame number">1</param>
                </action>
                <action disabled="1" id="0" name="Call function" sid="816550067574872" type="Function">
                    <param id="0" name="Name">&quot;Stop&quot;</param>
                    <param id="1" name="Parameter {n}"></param>
                </action>
            </actions>
            <sub-events>
                <event-block sid="389012308789015">
                    <conditions>
                        <condition id="-14" name="Compare variable" sid="113530621464836" type="System">
                            <param id="0" name="Variable">stair</param>
                            <param id="1" name="Comparison">4</param>
                            <param id="2" name="Value">1</param>
                        </condition>
                    </conditions>
                    <actions>
                        <action id="-9" name="Set value" sid="461337272736344" type="System">
                            <param id="0" name="Variable">stair</param>
                            <param id="1" name="Value">0</param>
                        </action>
                        <action id="5" name="Set frame" sid="651254928568851" type="btnswitch">
                            <param id="0" name="Frame number">0</param>
                        </action>
                    </actions>
                </event-block>
            </sub-events>
        </event-block>
        <event-block sid="576846827488770">
            <conditions>
                <condition id="-7" name="Compare instance variable" sid="696482170588053" type="hero_shadow">
                    <param id="0" name="Instance variable">OnPlatform</param>
                    <param id="1" name="Comparison">0</param>
                    <param id="2" name="Value">&quot;movement&quot;</param>
                </condition>
            </conditions>
            <actions />
            <sub-events>
                <event-block sid="572589395639309">
                    <conditions>
                        <condition behavior="Platform" id="3" name="Is jumping" sid="521273154212454" type="hero_shadow" />
                    </conditions>
                    <actions>
                        <action id="4" name="Set animation" sid="579773121843015" type="hero">
                            <param id="0" name="Animation">&quot;jump&quot;</param>
                            <param id="1" name="From">1</param>
                        </action>
                    </actions>
                </event-block>
                <event-block sid="384171817880877">
                    <conditions>
                        <condition behavior="Platform" id="0" inverted="1" name="Is moving" sid="727076830689676" type="hero_shadow" />
                    </conditions>
                    <actions>
                        <action id="4" name="Set animation" sid="351802054584869" type="hero">
                            <param id="0" name="Animation">&quot;idle&quot;</param>
                            <param id="1" name="From">1</param>
                        </action>
                    </actions>
                </event-block>
                <event-block any="1" sid="373858227766459">
                    <conditions>
                        <condition id="0" name="On key pressed" sid="641912517265608" type="Keyboard">
                            <param id="0" name="Key">38 (Up arrow)</param>
                        </condition>
                        <condition id="4" name="Is touching object" sid="540929996311820" type="Touch">
                            <param id="0" name="Object">btnjump</param>
                        </condition>
                    </conditions>
                    <actions>
                        <action id="4" name="Set animation" sid="560245411079559" type="hero">
                            <param id="0" name="Animation">&quot;jump&quot;</param>
                            <param id="1" name="From">1</param>
                        </action>
                        <action behavior="Platform" id="7" name="Simulate control" sid="488209932587747" type="hero_shadow">
                            <param id="0" name="Control">2</param>
                        </action>
                        <action id="0" name="Play" sid="164293208881655" type="Audio">
                            <param id="0" name="Audio file">jump</param>
                            <param id="2" name="Loop">0</param>
                            <param id="3" name="Volume">0</param>
                            <param id="1" name="Tag (optional)">&quot;sound&quot;</param>
                        </action>
                    </actions>
                </event-block>
                <event-block sid="808511171020218">
                    <conditions>
                        <condition id="0" name="On key pressed" sid="102822368830134" type="Keyboard">
                            <param id="0" name="Key">40 (Down arrow)</param>
                        </condition>
                    </conditions>
                    <actions>
                        <action id="4" name="Set animation" sid="388281843435521" type="hero">
                            <param id="0" name="Animation">&quot;jump&quot;</param>
                            <param id="1" name="From">1</param>
                        </action>
                        <action behavior="Platform" id="12" name="Fall through" sid="196545031120449" type="hero_shadow" />
                    </actions>
                </event-block>
                <event-block any="1" sid="834849731504740">
                    <conditions>
                        <condition id="0" name="On key pressed" sid="562005821255815" type="Keyboard">
                            <param id="0" name="Key">39 (Right arrow)</param>
                        </condition>
                        <condition id="4" name="Is touching object" sid="253078157851631" type="Touch">
                            <param id="0" name="Object">btnright</param>
                        </condition>
                    </conditions>
                    <actions>
                        <action id="4" name="Set animation" sid="900378172647724" type="hero">
                            <param id="0" name="Animation">&quot;run&quot;</param>
                            <param id="1" name="From">1</param>
                        </action>
                        <action behavior="Platform" id="7" name="Simulate control" sid="724860667919071" type="hero_shadow">
                            <param id="0" name="Control">1</param>
                        </action>
                        <action id="7" name="Set mirrored" sid="501545595673974" type="hero">
                            <param id="0" name="State">1</param>
                        </action>
                        <action behavior="Platform" id="11" name="Set enabled" sid="371184024275505" type="hero_shadow">
                            <param id="0" name="State">1</param>
                        </action>
                    </actions>
                </event-block>
                <event-block any="1" sid="655284834577888">
                    <conditions>
                        <condition id="0" name="On key pressed" sid="432528969182583" type="Keyboard">
                            <param id="0" name="Key">37 (Left arrow)</param>
                        </condition>
                        <condition id="4" name="Is touching object" sid="526591488258907" type="Touch">
                            <param id="0" name="Object">btnleft</param>
                        </condition>
                    </conditions>
                    <actions>
                        <action id="4" name="Set animation" sid="723203835759476" type="hero">
                            <param id="0" name="Animation">&quot;run&quot;</param>
                            <param id="1" name="From">1</param>
                        </action>
                        <action behavior="Platform" id="7" name="Simulate control" sid="384673664409309" type="hero_shadow">
                            <param id="0" name="Control">0</param>
                        </action>
                        <action id="7" name="Set mirrored" sid="161026198428209" type="hero">
                            <param id="0" name="State">0</param>
                        </action>
                        <action behavior="Platform" id="11" name="Set enabled" sid="184237601775456" type="hero_shadow">
                            <param id="0" name="State">1</param>
                        </action>
                    </actions>
                </event-block>
                <event-block any="1" sid="569462240231420">
                    <conditions>
                        <condition id="2" name="Key is down" sid="434575581310939" type="Keyboard">
                            <param id="0" name="Key">32 (Space)</param>
                        </condition>
                        <condition id="4" name="Is touching object" sid="223171965186386" type="Touch">
                            <param id="0" name="Object">btnjump</param>
                        </condition>
                    </conditions>
                    <actions>
                        <action behavior="Platform" id="4" name="Set jump strength" sid="642353567737530" type="hero_shadow">
                            <param id="0" name="Jump strength">700</param>
                        </action>
                    </actions>
                </event-block>
                <event-block sid="368601613424206">
                    <conditions>
                        <condition id="-22" name="Else" sid="813396830179645" type="System" />
                    </conditions>
                    <actions>
                        <action behavior="Platform" id="4" name="Set jump strength" sid="649706754225450" type="hero_shadow">
                            <param id="0" name="Jump strength">330</param>
                        </action>
                    </actions>
                </event-block>
                <event-block sid="503751845984794">
                    <conditions>
                        <condition id="0" name="On key pressed" sid="584571317010696" type="Keyboard">
                            <param id="0" name="Key">40 (Down arrow)</param>
                        </condition>
                        <condition id="9" name="Is overlapping at offset" sid="951742411670463" type="hero_shadow">
                            <param id="0" name="Object">stairTrigerUp</param>
                            <param id="1" name="Offset X">0</param>
                            <param id="2" name="Offset Y">3</param>
                        </condition>
                    </conditions>
                    <actions>
                        <action id="0" name="Call function" sid="991928856124588" type="Function">
                            <param id="0" name="Name">&quot;Stop&quot;</param>
                            <param id="1" name="Parameter {n}"></param>
                        </action>
                        <action behavior="8Direction" id="8" name="Set enabled" sid="161971721336501" type="hero_shadow">
                            <param id="0" name="State">1</param>
                        </action>
                        <action id="-2" name="Set Y" sid="530091055169390" type="hero_shadow">
                            <param id="0" name="Y">hero_shadow.Y + 3</param>
                        </action>
                        <action id="-10" name="Set value" sid="181157980479560" type="hero_shadow">
                            <param id="0" name="Instance variable">OnPlatform</param>
                            <param id="1" name="Value">&quot;ladder&quot;</param>
                        </action>
                    </actions>
                </event-block>
                <event-block sid="975286531072475">
                    <conditions>
                        <condition id="-14" name="Compare variable" sid="349876244616054" type="System">
                            <param id="0" name="Variable">stair</param>
                            <param id="1" name="Comparison">0</param>
                            <param id="2" name="Value">1</param>
                        </condition>
                    </conditions>
                    <actions />
                    <sub-events>
                        <event-block sid="169875661123083">
                            <conditions>
                                <condition id="3" name="On touched object" sid="382307828737091" type="Touch">
                                    <param id="0" name="Object">btnright</param>
                                </condition>
                                <condition id="9" name="Is overlapping at offset" sid="912251933022467" type="hero_shadow">
                                    <param id="0" name="Object">stairTrigerUp</param>
                                    <param id="1" name="Offset X">0</param>
                                    <param id="2" name="Offset Y">3</param>
                                </condition>
                            </conditions>
                            <actions>
                                <action id="0" name="Call function" sid="659281715755139" type="Function">
                                    <param id="0" name="Name">&quot;Stop&quot;</param>
                                    <param id="1" name="Parameter {n}"></param>
                                </action>
                                <action behavior="8Direction" id="8" name="Set enabled" sid="780832602303619" type="hero_shadow">
                                    <param id="0" name="State">1</param>
                                </action>
                                <action id="-2" name="Set Y" sid="188181821220322" type="hero_shadow">
                                    <param id="0" name="Y">hero_shadow.Y + 60</param>
                                </action>
                                <action id="-10" name="Set value" sid="778699168463096" type="hero_shadow">
                                    <param id="0" name="Instance variable">OnPlatform</param>
                                    <param id="1" name="Value">&quot;ladder&quot;</param>
                                </action>
                            </actions>
                        </event-block>
                        <event-block sid="331701629504034">
                            <conditions>
                                <condition id="3" name="On touched object" sid="422164975154227" type="Touch">
                                    <param id="0" name="Object">btnleft</param>
                                </condition>
                                <condition id="9" name="Is overlapping at offset" sid="473913830088712" type="hero_shadow">
                                    <param id="0" name="Object">stairTrigerUp</param>
                                    <param id="1" name="Offset X">0</param>
                                    <param id="2" name="Offset Y">3</param>
                                </condition>
                            </conditions>
                            <actions>
                                <action id="0" name="Call function" sid="320854567796768" type="Function">
                                    <param id="0" name="Name">&quot;Stop&quot;</param>
                                    <param id="1" name="Parameter {n}"></param>
                                </action>
                                <action behavior="8Direction" id="8" name="Set enabled" sid="258841537539793" type="hero_shadow">
                                    <param id="0" name="State">1</param>
                                </action>
                                <action id="-2" name="Set Y" sid="362681941175640" type="hero_shadow">
                                    <param id="0" name="Y">hero_shadow.Y - 60</param>
                                </action>
                                <action id="-10" name="Set value" sid="497751361728945" type="hero_shadow">
                                    <param id="0" name="Instance variable">OnPlatform</param>
                                    <param id="1" name="Value">&quot;ladder&quot;</param>
                                </action>
                            </actions>
                        </event-block>
                    </sub-events>
                </event-block>
                <event-block sid="736662778893901">
                    <conditions>
                        <condition id="0" name="On function" sid="839069981178668" type="Function">
                            <param id="0" name="Name">&quot;Stop&quot;</param>
                        </condition>
                    </conditions>
                    <actions>
                        <action behavior="8Direction" id="0" name="Stop" sid="260220947315518" type="hero_shadow" />
                        <action behavior="8Direction" id="8" name="Set enabled" sid="159898716511616" type="hero_shadow">
                            <param id="0" name="State">0</param>
                        </action>
                        <action behavior="Platform" id="11" name="Set enabled" sid="588709663059318" type="hero_shadow">
                            <param id="0" name="State">0</param>
                        </action>
                        <action behavior="Platform" id="9" name="Set vector Y" sid="546346942528872" type="hero_shadow">
                            <param id="0" name="Vector Y">0</param>
                        </action>
                        <action behavior="Platform" id="8" name="Set vector X" sid="887392100374614" type="hero_shadow">
                            <param id="0" name="Vector X">0</param>
                        </action>
                        <action id="-10" name="Set value" sid="427404071714999" type="hero_shadow">
                            <param id="0" name="Instance variable">OnPlatform</param>
                            <param id="1" name="Value">&quot;ladder&quot;</param>
                        </action>
                    </actions>
                </event-block>
            </sub-events>
        </event-block>
        <event-block sid="375387637464917">
            <conditions>
                <condition id="1" name="Is overlapping another object" sid="242728285863152" type="hero_shadow">
                    <param id="0" name="Object">stairTriger</param>
                </condition>
            </conditions>
            <actions />
            <sub-events>
                <event-block sid="190930012510379">
                    <conditions>
                        <condition id="-14" name="Compare variable" sid="591423211284706" type="System">
                            <param id="0" name="Variable">stair</param>
                            <param id="1" name="Comparison">0</param>
                            <param id="2" name="Value">1</param>
                        </condition>
                    </conditions>
                    <actions />
                    <sub-events>
                        <event-block sid="403511628735959">
                            <conditions>
                                <condition id="4" name="Is touching object" sid="581261124788068" type="Touch">
                                    <param id="0" name="Object">btnleft</param>
                                </condition>
                            </conditions>
                            <actions>
                                <action behavior="8Direction" id="7" name="Simulate control" sid="321745727317725" type="hero_shadow">
                                    <param id="0" name="Control">3</param>
                                </action>
                            </actions>
                            <sub-events>
                                <event-block sid="751073736310558">
                                    <conditions>
                                        <condition id="-4" name="Trigger once while true" sid="815001131299103" type="System" />
                                    </conditions>
                                    <actions>
                                        <action id="0" name="Call function" sid="637864919304335" type="Function">
                                            <param id="0" name="Name">&quot;Stop&quot;</param>
                                            <param id="1" name="Parameter {n}"></param>
                                        </action>
                                        <action behavior="8Direction" id="8" name="Set enabled" sid="694207008963891" type="hero_shadow">
                                            <param id="0" name="State">1</param>
                                        </action>
                                        <action id="-10" name="Set value" sid="268556758434238" type="hero_shadow">
                                            <param id="0" name="Instance variable">OnPlatform</param>
                                            <param id="1" name="Value">&quot;ladder&quot;</param>
                                        </action>
                                    </actions>
                                </event-block>
                            </sub-events>
                        </event-block>
                        <event-block sid="216772586082259">
                            <conditions>
                                <condition id="4" name="Is touching object" sid="950343134633931" type="Touch">
                                    <param id="0" name="Object">btnright</param>
                                </condition>
                            </conditions>
                            <actions>
                                <action behavior="8Direction" id="7" name="Simulate control" sid="968263439663783" type="hero_shadow">
                                    <param id="0" name="Control">2</param>
                                </action>
                            </actions>
                            <sub-events>
                                <event-block sid="723267442688060">
                                    <conditions>
                                        <condition id="-4" name="Trigger once while true" sid="818999633371916" type="System" />
                                    </conditions>
                                    <actions>
                                        <action id="0" name="Call function" sid="598165568193530" type="Function">
                                            <param id="0" name="Name">&quot;Stop&quot;</param>
                                            <param id="1" name="Parameter {n}"></param>
                                        </action>
                                        <action behavior="8Direction" id="8" name="Set enabled" sid="970073548222749" type="hero_shadow">
                                            <param id="0" name="State">1</param>
                                        </action>
                                        <action id="-10" name="Set value" sid="274893824684284" type="hero_shadow">
                                            <param id="0" name="Instance variable">OnPlatform</param>
                                            <param id="1" name="Value">&quot;ladder&quot;</param>
                                        </action>
                                    </actions>
                                </event-block>
                            </sub-events>
                        </event-block>
                        <event-block sid="863835837756761">
                            <conditions>
                                <condition behavior="8Direction" id="0" name="Is moving" sid="316565413093596" type="hero_shadow" />
                            </conditions>
                            <actions>
                                <action id="4" name="Set animation" sid="427942700611436" type="hero">
                                    <param id="0" name="Animation">&quot;climb&quot;</param>
                                    <param id="1" name="From">1</param>
                                </action>
                            </actions>
                            <sub-events>
                                <event-block sid="560312377684459">
                                    <conditions>
                                        <condition id="-14" name="Compare variable" sid="680658083683054" type="System">
                                            <param id="0" name="Variable">stair</param>
                                            <param id="1" name="Comparison">0</param>
                                            <param id="2" name="Value">1</param>
                                        </condition>
                                    </conditions>
                                    <actions />
                                    <sub-events>
                                        <event-block any="1" sid="579739312903514">
                                            <conditions>
                                                <condition id="3" name="On touched object" sid="731857416816756" type="Touch">
                                                    <param id="0" name="Object">btnright</param>
                                                </condition>
                                                <condition id="-8" name="Compare two values" sid="491664520825512" type="System">
                                                    <param id="0" name="First value">hero_shadow.8Direction.VectorY</param>
                                                    <param id="1" name="Comparison">4</param>
                                                    <param id="2" name="Second value">0</param>
                                                </condition>
                                            </conditions>
                                            <actions />
                                            <sub-events>
                                                <event-block sid="177195538916515">
                                                    <conditions>
                                                        <condition id="9" name="Is overlapping at offset" sid="725784591313148" type="hero_shadow">
                                                            <param id="0" name="Object">stairTrigerDown</param>
                                                            <param id="1" name="Offset X">0</param>
                                                            <param id="2" name="Offset Y">5</param>
                                                        </condition>
                                                    </conditions>
                                                    <actions>
                                                        <action id="0" name="Call function" sid="250554230651875" type="Function">
                                                            <param id="0" name="Name">&quot;Stop&quot;</param>
                                                            <param id="1" name="Parameter {n}"></param>
                                                        </action>
                                                        <action behavior="Platform" id="11" name="Set enabled" sid="128018909749526" type="hero_shadow">
                                                            <param id="0" name="State">1</param>
                                                        </action>
                                                        <action id="4" name="Set animation" sid="679221709615590" type="hero">
                                                            <param id="0" name="Animation">&quot;idle&quot;</param>
                                                            <param id="1" name="From">1</param>
                                                        </action>
                                                        <action id="-10" name="Set value" sid="442890955723452" type="hero_shadow">
                                                            <param id="0" name="Instance variable">OnPlatform</param>
                                                            <param id="1" name="Value">&quot;movement&quot;</param>
                                                        </action>
                                                    </actions>
                                                </event-block>
                                            </sub-events>
                                        </event-block>
                                        <event-block any="1" sid="657999119984830">
                                            <conditions>
                                                <condition id="3" name="On touched object" sid="837539689157446" type="Touch">
                                                    <param id="0" name="Object">btnleft</param>
                                                </condition>
                                                <condition id="-8" name="Compare two values" sid="776834014814003" type="System">
                                                    <param id="0" name="First value">hero_shadow.8Direction.VectorY</param>
                                                    <param id="1" name="Comparison">2</param>
                                                    <param id="2" name="Second value">0</param>
                                                </condition>
                                            </conditions>
                                            <actions />
                                            <sub-events>
                                                <event-block sid="955598869245667">
                                                    <conditions>
                                                        <condition id="9" name="Is overlapping at offset" sid="337726548588143" type="hero_shadow">
                                                            <param id="0" name="Object">stairTrigerUp</param>
                                                            <param id="1" name="Offset X">0</param>
                                                            <param id="2" name="Offset Y">3</param>
                                                        </condition>
                                                    </conditions>
                                                    <actions>
                                                        <action id="0" name="Call function" sid="424713736119048" type="Function">
                                                            <param id="0" name="Name">&quot;Stop&quot;</param>
                                                            <param id="1" name="Parameter {n}"></param>
                                                        </action>
                                                        <action behavior="8Direction" id="8" name="Set enabled" sid="305210891179215" type="hero_shadow">
                                                            <param id="0" name="State">1</param>
                                                        </action>
                                                        <action id="-10" name="Set value" sid="334668264020307" type="hero_shadow">
                                                            <param id="0" name="Instance variable">OnPlatform</param>
                                                            <param id="1" name="Value">&quot;movement&quot;</param>
                                                        </action>
                                                    </actions>
                                                </event-block>
                                            </sub-events>
                                        </event-block>
                                    </sub-events>
                                </event-block>
                            </sub-events>
                        </event-block>
                    </sub-events>
                </event-block>
                <event-block sid="208600023445243">
                    <conditions>
                        <condition id="2" name="Key is down" sid="792247967417151" type="Keyboard">
                            <param id="0" name="Key">38 (Up arrow)</param>
                        </condition>
                    </conditions>
                    <actions>
                        <action behavior="8Direction" id="7" name="Simulate control" sid="942097367466960" type="hero_shadow">
                            <param id="0" name="Control">2</param>
                        </action>
                    </actions>
                    <sub-events>
                        <event-block sid="655167715360844">
                            <conditions>
                                <condition id="-4" name="Trigger once while true" sid="353239142192732" type="System" />
                            </conditions>
                            <actions>
                                <action id="0" name="Call function" sid="363867985229703" type="Function">
                                    <param id="0" name="Name">&quot;Stop&quot;</param>
                                    <param id="1" name="Parameter {n}"></param>
                                </action>
                                <action behavior="8Direction" id="8" name="Set enabled" sid="282785197513361" type="hero_shadow">
                                    <param id="0" name="State">1</param>
                                </action>
                                <action id="-10" name="Set value" sid="948130623426463" type="hero_shadow">
                                    <param id="0" name="Instance variable">OnPlatform</param>
                                    <param id="1" name="Value">&quot;ladder&quot;</param>
                                </action>
                            </actions>
                        </event-block>
                    </sub-events>
                </event-block>
                <event-block sid="416454231261993">
                    <conditions>
                        <condition id="2" name="Key is down" sid="821329327145847" type="Keyboard">
                            <param id="0" name="Key">40 (Down arrow)</param>
                        </condition>
                    </conditions>
                    <actions>
                        <action behavior="8Direction" id="7" name="Simulate control" sid="305590487735092" type="hero_shadow">
                            <param id="0" name="Control">3</param>
                        </action>
                    </actions>
                </event-block>
                <event-block sid="528441292990863">
                    <conditions>
                        <condition behavior="8Direction" id="0" name="Is moving" sid="571844363605119" type="hero_shadow" />
                    </conditions>
                    <actions>
                        <action id="4" name="Set animation" sid="786321040111570" type="hero">
                            <param id="0" name="Animation">&quot;climb&quot;</param>
                            <param id="1" name="From">1</param>
                        </action>
                    </actions>
                    <sub-events>
                        <event-block any="1" sid="848220555917867">
                            <conditions>
                                <condition id="2" name="Key is down" sid="489239065502310" type="Keyboard">
                                    <param id="0" name="Key">40 (Down arrow)</param>
                                </condition>
                                <condition id="-8" name="Compare two values" sid="358497984766671" type="System">
                                    <param id="0" name="First value">hero_shadow.8Direction.VectorY</param>
                                    <param id="1" name="Comparison">4</param>
                                    <param id="2" name="Second value">0</param>
                                </condition>
                            </conditions>
                            <actions />
                            <sub-events>
                                <event-block sid="847318581435717">
                                    <conditions>
                                        <condition id="9" name="Is overlapping at offset" sid="165675288667431" type="hero_shadow">
                                            <param id="0" name="Object">stairTrigerDown</param>
                                            <param id="1" name="Offset X">0</param>
                                            <param id="2" name="Offset Y">5</param>
                                        </condition>
                                    </conditions>
                                    <actions>
                                        <action id="0" name="Call function" sid="891529386577305" type="Function">
                                            <param id="0" name="Name">&quot;Stop&quot;</param>
                                            <param id="1" name="Parameter {n}"></param>
                                        </action>
                                        <action behavior="Platform" id="11" name="Set enabled" sid="517902532314982" type="hero_shadow">
                                            <param id="0" name="State">1</param>
                                        </action>
                                        <action id="4" name="Set animation" sid="488819635921024" type="hero">
                                            <param id="0" name="Animation">&quot;idle&quot;</param>
                                            <param id="1" name="From">1</param>
                                        </action>
                                        <action id="-10" name="Set value" sid="208039349058086" type="hero_shadow">
                                            <param id="0" name="Instance variable">OnPlatform</param>
                                            <param id="1" name="Value">&quot;movement&quot;</param>
                                        </action>
                                    </actions>
                                </event-block>
                            </sub-events>
                        </event-block>
                    </sub-events>
                </event-block>
                <event-block sid="707600547694326">
                    <conditions>
                        <condition behavior="8Direction" id="0" inverted="1" name="Is moving" sid="468351658730716" type="hero_shadow" />
                        <condition id="2" name="Is playing" sid="104424228846531" type="hero">
                            <param id="0" name="Animation">&quot;climb&quot;</param>
                        </condition>
                    </conditions>
                    <actions>
                        <action id="2" name="Stop" sid="242632413821880" type="hero" />
                    </actions>
                </event-block>
            </sub-events>
        </event-block>
        <event-block sid="934862968631009">
            <conditions>
                <condition id="1" inverted="1" name="Is overlapping another object" sid="504291039730996" type="hero_shadow">
                    <param id="0" name="Object">stairTriger</param>
                </condition>
                <condition id="-4" name="Trigger once while true" sid="604720629464940" type="System" />
            </conditions>
            <actions>
                <action behavior="Platform" id="11" name="Set enabled" sid="727372548754018" type="hero_shadow">
                    <param id="0" name="State">1</param>
                </action>
                <action id="-10" name="Set value" sid="210508732826726" type="hero_shadow">
                    <param id="0" name="Instance variable">OnPlatform</param>
                    <param id="1" name="Value">&quot;movement&quot;</param>
                </action>
            </actions>
        </event-block>
        <event-block sid="434935304533851">
            <conditions>
                <condition id="-14" name="Compare variable" sid="973662039454502" type="System">
                    <param id="0" name="Variable">stair</param>
                    <param id="1" name="Comparison">0</param>
                    <param id="2" name="Value">0</param>
                </condition>
            </conditions>
            <actions />
            <sub-events>
                <event-block sid="860532417275964">
                    <conditions>
                        <condition id="1" name="Is overlapping another object" sid="585876789335888" type="hero_shadow">
                            <param id="0" name="Object">stairTriger</param>
                        </condition>
                        <condition id="-4" name="Trigger once while true" sid="696828325537619" type="System" />
                    </conditions>
                    <actions>
                        <action behavior="Platform" id="11" name="Set enabled" sid="157133980441024" type="hero_shadow">
                            <param id="0" name="State">1</param>
                        </action>
                        <action id="-10" name="Set value" sid="213588916265897" type="hero_shadow">
                            <param id="0" name="Instance variable">OnPlatform</param>
                            <param id="1" name="Value">&quot;movement&quot;</param>
                        </action>
                    </actions>
                </event-block>
            </sub-events>
        </event-block>
        <event-block any="1" sid="292534601963343">
            <conditions>
                <condition id="3" name="On key released" sid="316004821742928" type="Keyboard">
                    <param id="0" name="Key">32 (Space)</param>
                </condition>
                <condition id="4" name="Is touching object" sid="640073876282125" type="Touch">
                    <param id="0" name="Object">btnshoot</param>
                </condition>
            </conditions>
            <actions>
                <action id="0" name="Play" sid="669340684418200" type="Audio">
                    <param id="0" name="Audio file">laser1</param>
                    <param id="2" name="Loop">0</param>
                    <param id="3" name="Volume">0</param>
                    <param id="1" name="Tag (optional)">&quot;sound&quot;</param>
                </action>
                <action id="2" name="Stop" sid="213609949634183" type="hero" />
                <action id="4" name="Set animation" sid="266773430582760" type="hero">
                    <param id="0" name="Animation">&quot;attack&quot;</param>
                    <param id="1" name="From">1</param>
                </action>
                <action id="-16" name="Wait" sid="863793571730349" type="System">
                    <param id="0" name="Seconds">0.1</param>
                </action>
            </actions>
            <sub-events>
                <event-block sid="806625275248290">
                    <conditions>
                        <condition id="-6" name="Every X seconds" sid="917345570156811" type="System">
                            <param id="0" name="Interval (seconds)">0.5</param>
                        </condition>
                        <condition id="2" name="Key is down" sid="305888186751319" type="Keyboard">
                            <param id="0" name="Key">32 (Space)</param>
                        </condition>
                    </conditions>
                    <actions>
                        <action id="0" name="Play" sid="682673405754982" type="Audio">
                            <param id="0" name="Audio file">laser1</param>
                            <param id="2" name="Loop">0</param>
                            <param id="3" name="Volume">0</param>
                            <param id="1" name="Tag (optional)">&quot;sound&quot;</param>
                        </action>
                        <action id="0" name="Spawn another object" sid="895206073626052" type="hero">
                            <param id="0" name="Object">bullet</param>
                            <param id="1" name="Layer">&quot;game&quot;</param>
                            <param id="2" name="Image point">1</param>
                        </action>
                    </actions>
                    <sub-events>
                        <event-block sid="430016191277483">
                            <conditions>
                                <condition id="7" name="Is mirrored" sid="126011914978013" type="hero" />
                            </conditions>
                            <actions>
                                <action id="-8" name="Set angle" sid="536867361638399" type="bullet">
                                    <param id="0" name="Angle">-180</param>
                                </action>
                            </actions>
                        </event-block>
                        <event-block sid="266268300679118">
                            <conditions>
                                <condition id="7" inverted="1" name="Is mirrored" sid="107211970353529" type="hero" />
                            </conditions>
                            <actions>
                                <action id="-8" name="Set angle" sid="310156428529354" type="rock">
                                    <param id="0" name="Angle">180</param>
                                </action>
                            </actions>
                        </event-block>
                    </sub-events>
                </event-block>
                <event-block sid="472896867415409">
                    <conditions>
                        <condition id="4" name="Is touching object" sid="551043791576761" type="Touch">
                            <param id="0" name="Object">btnshoot</param>
                        </condition>
                        <condition id="-6" name="Every X seconds" sid="920193554237512" type="System">
                            <param id="0" name="Interval (seconds)">0.9</param>
                        </condition>
                    </conditions>
                    <actions>
                        <action id="0" name="Play" sid="690715768874268" type="Audio">
                            <param id="0" name="Audio file">laser1</param>
                            <param id="2" name="Loop">0</param>
                            <param id="3" name="Volume">0</param>
                            <param id="1" name="Tag (optional)">&quot;sound&quot;</param>
                        </action>
                        <action id="0" name="Spawn another object" sid="524439891069824" type="hero">
                            <param id="0" name="Object">bullet</param>
                            <param id="1" name="Layer">&quot;game&quot;</param>
                            <param id="2" name="Image point">1</param>
                        </action>
                    </actions>
                    <sub-events>
                        <event-block sid="576237314922039">
                            <conditions>
                                <condition id="7" inverted="1" name="Is mirrored" sid="248516095109990" type="hero" />
                            </conditions>
                            <actions>
                                <action id="-8" name="Set angle" sid="431340160125917" type="rock">
                                    <param id="0" name="Angle">180</param>
                                </action>
                            </actions>
                        </event-block>
                        <event-block sid="441625882456235">
                            <conditions>
                                <condition id="7" name="Is mirrored" sid="876537212265199" type="hero" />
                            </conditions>
                            <actions>
                                <action id="-8" name="Set angle" sid="754851132514347" type="bullet">
                                    <param id="0" name="Angle">-180</param>
                                </action>
                            </actions>
                        </event-block>
                    </sub-events>
                </event-block>
                <event-block sid="840544264850690">
                    <conditions>
                        <condition id="-22" name="Else" sid="806872465798800" type="System" />
                        <condition id="-6" name="Every X seconds" sid="634308929068428" type="System">
                            <param id="0" name="Interval (seconds)">0.9</param>
                        </condition>
                    </conditions>
                    <actions>
                        <action id="0" name="Spawn another object" sid="112964894779333" type="hero">
                            <param id="0" name="Object">bullet</param>
                            <param id="1" name="Layer">&quot;game&quot;</param>
                            <param id="2" name="Image point">1</param>
                        </action>
                    </actions>
                    <sub-events>
                        <event-block sid="371938379128468">
                            <conditions>
                                <condition id="7" name="Is mirrored" sid="979488681646885" type="hero" />
                            </conditions>
                            <actions>
                                <action id="-8" name="Set angle" sid="336320707359446" type="bullet">
                                    <param id="0" name="Angle">-180</param>
                                </action>
                            </actions>
                        </event-block>
                        <event-block sid="865941886245656">
                            <conditions>
                                <condition id="7" inverted="1" name="Is mirrored" sid="195547751839324" type="hero" />
                            </conditions>
                            <actions>
                                <action id="-8" name="Set angle" sid="591521020585792" type="rock">
                                    <param id="0" name="Angle">180</param>
                                </action>
                            </actions>
                        </event-block>
                    </sub-events>
                </event-block>
            </sub-events>
        </event-block>
        <event-block sid="598953611097210">
            <conditions>
                <condition id="-19" name="On destroyed" sid="668355363177125" type="hero" />
            </conditions>
            <actions />
        </event-block>
        <event-block sid="267827960033585">
            <conditions>
                <condition id="0" name="On collision with another object" sid="555406486706312" type="bullet">
                    <param id="0" name="Object">enemy1</param>
                </condition>
            </conditions>
            <actions>
                <action id="0" name="Play" sid="474331069473734" type="Audio">
                    <param id="0" name="Audio file">ouch1</param>
                    <param id="2" name="Loop">0</param>
                    <param id="3" name="Volume">0</param>
                    <param id="1" name="Tag (optional)">&quot;sound&quot;</param>
                </action>
                <action id="-9" name="Destroy" sid="412410846050689" type="bullet" />
                <action behavior="Platform" id="11" name="Set enabled" sid="255553644546821" type="enemy1">
                    <param id="0" name="State">0</param>
                </action>
                <action id="4" name="Set animation" sid="142564571597328" type="enemy1">
                    <param id="0" name="Animation">&quot;dying&quot;</param>
                    <param id="1" name="From">1</param>
                </action>
                <action id="0" name="Spawn another object" sid="223746269105545" type="enemy1">
                    <param id="0" name="Object">explode_blood</param>
                    <param id="1" name="Layer">1</param>
                    <param id="2" name="Image point">0</param>
                </action>
                <action id="-8" name="Set angle" sid="189950387174338" type="explode_blood">
                    <param id="0" name="Angle">270</param>
                </action>
                <action id="-16" name="Wait" sid="290469989897856" type="System">
                    <param id="0" name="Seconds">0.7</param>
                </action>
                <action id="-9" name="Destroy" sid="270065138193188" type="enemy1" />
            </actions>
        </event-block>
        <event-block sid="653804780739510">
            <conditions>
                <condition id="0" name="On collision with another object" sid="176559866359880" type="bullet">
                    <param id="0" name="Object">enemy2</param>
                </condition>
            </conditions>
            <actions>
                <action id="0" name="Play" sid="310409260902745" type="Audio">
                    <param id="0" name="Audio file">ouch1</param>
                    <param id="2" name="Loop">0</param>
                    <param id="3" name="Volume">0</param>
                    <param id="1" name="Tag (optional)">&quot;sound&quot;</param>
                </action>
                <action id="-9" name="Destroy" sid="849998870783614" type="bullet" />
                <action behavior="Platform" id="11" name="Set enabled" sid="614315768463695" type="enemy2">
                    <param id="0" name="State">0</param>
                </action>
                <action id="4" name="Set animation" sid="354983979324505" type="enemy2">
                    <param id="0" name="Animation">&quot;dying&quot;</param>
                    <param id="1" name="From">1</param>
                </action>
                <action id="0" name="Spawn another object" sid="751545849813669" type="enemy2">
                    <param id="0" name="Object">explode_blood</param>
                    <param id="1" name="Layer">1</param>
                    <param id="2" name="Image point">0</param>
                </action>
                <action id="-8" name="Set angle" sid="607164261682989" type="explode_blood">
                    <param id="0" name="Angle">270</param>
                </action>
                <action id="-16" name="Wait" sid="388630899882617" type="System">
                    <param id="0" name="Seconds">0.7</param>
                </action>
                <action id="-9" name="Destroy" sid="728090886967881" type="enemy2" />
            </actions>
        </event-block>
        <event-block sid="690329128378869">
            <conditions>
                <condition id="0" name="On collision with another object" sid="170530368944482" type="bullet">
                    <param id="0" name="Object">enemy3</param>
                </condition>
            </conditions>
            <actions>
                <action id="0" name="Play" sid="720289640754173" type="Audio">
                    <param id="0" name="Audio file">ouch1</param>
                    <param id="2" name="Loop">0</param>
                    <param id="3" name="Volume">0</param>
                    <param id="1" name="Tag (optional)">&quot;sound&quot;</param>
                </action>
                <action id="-9" name="Destroy" sid="104168799789728" type="bullet" />
                <action behavior="Platform" id="11" name="Set enabled" sid="970962961727802" type="enemy3">
                    <param id="0" name="State">0</param>
                </action>
                <action id="4" name="Set animation" sid="929469294100895" type="enemy3">
                    <param id="0" name="Animation">&quot;dying&quot;</param>
                    <param id="1" name="From">1</param>
                </action>
                <action id="0" name="Spawn another object" sid="328368964490972" type="enemy3">
                    <param id="0" name="Object">explode_blood</param>
                    <param id="1" name="Layer">1</param>
                    <param id="2" name="Image point">0</param>
                </action>
                <action id="-8" name="Set angle" sid="855556450668927" type="explode_blood">
                    <param id="0" name="Angle">270</param>
                </action>
                <action id="-16" name="Wait" sid="965310976472724" type="System">
                    <param id="0" name="Seconds">0.7</param>
                </action>
                <action id="-9" name="Destroy" sid="178523890153900" type="enemy3" />
            </actions>
        </event-block>
        <event-block sid="662133345493242">
            <conditions>
                <condition id="0" name="On collision with another object" sid="311009049577826" type="bullet">
                    <param id="0" name="Object">enemy4</param>
                </condition>
            </conditions>
            <actions>
                <action id="0" name="Play" sid="236251421387774" type="Audio">
                    <param id="0" name="Audio file">ouch1</param>
                    <param id="2" name="Loop">0</param>
                    <param id="3" name="Volume">0</param>
                    <param id="1" name="Tag (optional)">&quot;sound&quot;</param>
                </action>
                <action id="-9" name="Destroy" sid="494009659934613" type="bullet" />
                <action behavior="Platform" id="11" name="Set enabled" sid="830954579390750" type="enemy4">
                    <param id="0" name="State">0</param>
                </action>
                <action id="4" name="Set animation" sid="228574293413738" type="enemy4">
                    <param id="0" name="Animation">&quot;dying&quot;</param>
                    <param id="1" name="From">1</param>
                </action>
                <action id="0" name="Spawn another object" sid="537607025865878" type="enemy4">
                    <param id="0" name="Object">explode_blood</param>
                    <param id="1" name="Layer">1</param>
                    <param id="2" name="Image point">0</param>
                </action>
                <action id="-8" name="Set angle" sid="939260267865575" type="explode_blood">
                    <param id="0" name="Angle">270</param>
                </action>
                <action id="-16" name="Wait" sid="379192070368718" type="System">
                    <param id="0" name="Seconds">0.7</param>
                </action>
                <action id="-9" name="Destroy" sid="255746059270531" type="enemy4" />
            </actions>
        </event-block>
        <event-block sid="540455222425527">
            <conditions>
                <condition id="0" name="On collision with another object" sid="715696515348471" type="bullet">
                    <param id="0" name="Object">enemy5</param>
                </condition>
            </conditions>
            <actions>
                <action id="0" name="Play" sid="897934850263786" type="Audio">
                    <param id="0" name="Audio file">ouch1</param>
                    <param id="2" name="Loop">0</param>
                    <param id="3" name="Volume">0</param>
                    <param id="1" name="Tag (optional)">&quot;sound&quot;</param>
                </action>
                <action id="-9" name="Destroy" sid="892048943979316" type="bullet" />
                <action behavior="Platform" id="11" name="Set enabled" sid="390312909407626" type="enemy5">
                    <param id="0" name="State">0</param>
                </action>
                <action id="4" name="Set animation" sid="340971317312668" type="enemy5">
                    <param id="0" name="Animation">&quot;dying&quot;</param>
                    <param id="1" name="From">1</param>
                </action>
                <action id="0" name="Spawn another object" sid="442564346258087" type="enemy5">
                    <param id="0" name="Object">explode_blood</param>
                    <param id="1" name="Layer">1</param>
                    <param id="2" name="Image point">0</param>
                </action>
                <action id="-8" name="Set angle" sid="480173148554551" type="explode_blood">
                    <param id="0" name="Angle">270</param>
                </action>
                <action id="-16" name="Wait" sid="324959881844256" type="System">
                    <param id="0" name="Seconds">0.7</param>
                </action>
                <action id="-9" name="Destroy" sid="259398701547970" type="enemy5" />
            </actions>
        </event-block>
        <event-block sid="472098671331976">
            <conditions>
                <condition id="0" name="On collision with another object" sid="293344389268162" type="hero_shadow">
                    <param id="0" name="Object">waterborder1</param>
                </condition>
            </conditions>
            <actions>
                <action id="-12" name="Subtract from" sid="530974188302040" type="hero">
                    <param id="0" name="Instance variable">health</param>
                    <param id="1" name="Value">100</param>
                </action>
                <action id="4" name="Set animation" sid="787918851594370" type="hero">
                    <param id="0" name="Animation">&quot;dead&quot;</param>
                    <param id="1" name="From">1</param>
                </action>
                <action id="3" name="Set progress" sid="205998214578435" type="BarProgress">
                    <param id="0" name="Value">hero.health</param>
                </action>
                <action behavior="Platform" id="11" name="Set enabled" sid="260989506571315" type="hero_shadow">
                    <param id="0" name="State">0</param>
                </action>
                <action id="-16" name="Wait" sid="614531224730198" type="System">
                    <param id="0" name="Seconds">1.0</param>
                </action>
                <action id="-9" name="Destroy" sid="676252272779999" type="hero" />
                <action id="-9" name="Destroy" sid="831246238811420" type="hero_shadow" />
            </actions>
        </event-block>
        <event-block sid="898548310409766">
            <conditions>
                <condition id="-3" inverted="1" name="Is on-screen" sid="250283926118379" type="bullet" />
            </conditions>
            <actions>
                <action id="-9" name="Destroy" sid="819041615157322" type="bullet" />
            </actions>
        </event-block>
        <event-block sid="852493698649515">
            <conditions>
                <condition id="-19" name="On destroyed" sid="185022569724374" type="enemy1" />
            </conditions>
            <actions>
                <action id="-10" name="Add to" sid="592647046676712" type="System">
                    <param id="0" name="Variable">enemyDestroy</param>
                    <param id="1" name="Value">1</param>
                </action>
            </actions>
        </event-block>
        <event-block sid="667418172523332">
            <conditions>
                <condition id="-19" name="On destroyed" sid="780925553785980" type="enemy2" />
            </conditions>
            <actions>
                <action id="-10" name="Add to" sid="741829336964935" type="System">
                    <param id="0" name="Variable">enemyDestroy</param>
                    <param id="1" name="Value">1</param>
                </action>
            </actions>
        </event-block>
        <event-block sid="723838706538590">
            <conditions>
                <condition id="-19" name="On destroyed" sid="286329486276372" type="enemy3" />
            </conditions>
            <actions>
                <action id="-10" name="Add to" sid="946681622791527" type="System">
                    <param id="0" name="Variable">enemyDestroy</param>
                    <param id="1" name="Value">1</param>
                </action>
            </actions>
        </event-block>
        <event-block sid="684012226903866">
            <conditions>
                <condition id="-19" name="On destroyed" sid="418817468468082" type="enemy4" />
            </conditions>
            <actions>
                <action id="-10" name="Add to" sid="998094123015462" type="System">
                    <param id="0" name="Variable">enemyDestroy</param>
                    <param id="1" name="Value">1</param>
                </action>
            </actions>
        </event-block>
        <event-block sid="849283427606823">
            <conditions>
                <condition id="-19" name="On destroyed" sid="283361369909277" type="enemy5" />
            </conditions>
            <actions>
                <action id="-10" name="Add to" sid="465617885021384" type="System">
                    <param id="0" name="Variable">enemyDestroy</param>
                    <param id="1" name="Value">1</param>
                </action>
            </actions>
        </event-block>
    </events>
</c2eventsheet>
