﻿<?xml version="1.0" encoding="utf-8" ?>
<c2eventsheet>
    <!--All the 'name' attributes are ignored by Construct 2 - they are there for readability only.-->
    <name>e_music</name>
    <events>
        <variable constant="0" name="Music" sid="996884499803363" static="0" type="number">0</variable>
        <variable constant="0" name="Sound" sid="367840386698325" static="0" type="number">0</variable>
        <event-block sid="872668995916271">
            <conditions>
                <condition id="3" name="On touched object" sid="986125427196351" type="Touch">
                    <param id="0" name="Object">btnmusic</param>
                </condition>
            </conditions>
            <actions>
                <action id="-10" name="Add to" sid="342929138702542" type="System">
                    <param id="0" name="Variable">Music</param>
                    <param id="1" name="Value">1</param>
                </action>
                <action id="5" name="Set frame" sid="864520058947008" type="btnmusic">
                    <param id="0" name="Frame number">1</param>
                </action>
                <action id="2" name="Set muted" sid="142829173888672" type="Audio">
                    <param id="0" name="Tag">&quot;music&quot;</param>
                    <param id="1" name="State">0</param>
                </action>
            </actions>
            <sub-events>
                <event-block sid="477116032338039">
                    <conditions>
                        <condition id="-14" name="Compare variable" sid="551415690417291" type="System">
                            <param id="0" name="Variable">Music</param>
                            <param id="1" name="Comparison">4</param>
                            <param id="2" name="Value">1</param>
                        </condition>
                    </conditions>
                    <actions>
                        <action id="-9" name="Set value" sid="100318335073795" type="System">
                            <param id="0" name="Variable">Music</param>
                            <param id="1" name="Value">0</param>
                        </action>
                        <action id="5" name="Set frame" sid="269008037956397" type="btnmusic">
                            <param id="0" name="Frame number">0</param>
                        </action>
                        <action id="2" name="Set muted" sid="444650687081922" type="Audio">
                            <param id="0" name="Tag">&quot;music&quot;</param>
                            <param id="1" name="State">1</param>
                        </action>
                    </actions>
                </event-block>
            </sub-events>
        </event-block>
        <event-block sid="152233424605795">
            <conditions>
                <condition id="3" name="On touched object" sid="352672316118308" type="Touch">
                    <param id="0" name="Object">btnsound</param>
                </condition>
            </conditions>
            <actions>
                <action id="32" name="Add mute effect" sid="220824295275811" type="Audio">
                    <param id="0" name="Tag">&quot;sound&quot;</param>
                </action>
                <action id="-10" name="Add to" sid="822180826398981" type="System">
                    <param id="0" name="Variable">Sound</param>
                    <param id="1" name="Value">1</param>
                </action>
                <action id="5" name="Set frame" sid="711651805560019" type="btnsound">
                    <param id="0" name="Frame number">1</param>
                </action>
            </actions>
            <sub-events>
                <event-block sid="629827093205479">
                    <conditions>
                        <condition id="-14" name="Compare variable" sid="505819385197555" type="System">
                            <param id="0" name="Variable">Sound</param>
                            <param id="1" name="Comparison">4</param>
                            <param id="2" name="Value">1</param>
                        </condition>
                    </conditions>
                    <actions>
                        <action id="-9" name="Set value" sid="646958631947410" type="System">
                            <param id="0" name="Variable">Sound</param>
                            <param id="1" name="Value">0</param>
                        </action>
                        <action id="5" name="Set frame" sid="346145091343900" type="btnsound">
                            <param id="0" name="Frame number">0</param>
                        </action>
                        <action id="12" name="Remove all effects" sid="873149594057764" type="Audio">
                            <param id="0" name="Tag">&quot;sound&quot;</param>
                        </action>
                    </actions>
                </event-block>
            </sub-events>
        </event-block>
    </events>
</c2eventsheet>
