﻿<?xml version="1.0" encoding="utf-8" ?>
<c2eventsheet>
    <!--All the 'name' attributes are ignored by Construct 2 - they are there for readability only.-->
    <name>e_stage2</name>
    <events>
        <include>e_music</include>
        <include>es_menu</include>
        <include>e_movement</include>
        <variable constant="0" name="Pause2" sid="331090437888754" static="0" type="number">0</variable>
        <variable constant="0" name="gate2" sid="720491174045487" static="0" type="number">0</variable>
        <variable constant="0" name="enemyDestroy2" sid="940759810816921" static="0" type="number">0</variable>
        <event-block sid="178450489298108">
            <conditions>
                <condition id="-2" name="On start of layout" sid="301238561740693" type="System" />
            </conditions>
            <actions>
                <action id="0" name="Play" sid="709339742303425" type="Audio">
                    <param id="0" name="Audio file">Loop</param>
                    <param id="2" name="Loop">0</param>
                    <param id="3" name="Volume">-10</param>
                    <param id="1" name="Tag (optional)">&quot;music&quot;</param>
                </action>
                <action id="-9" name="Set value" sid="988799932311349" type="System">
                    <param id="0" name="Variable">Score</param>
                    <param id="1" name="Value">0</param>
                </action>
                <action id="-4" name="Set layer visible" sid="324869267153241" type="System">
                    <param id="0" name="Layer">&quot;gameover&quot;</param>
                    <param id="1" name="Visibility">0</param>
                </action>
                <action id="-4" name="Set layer visible" sid="336811766531318" type="System">
                    <param id="0" name="Layer">&quot;pause&quot;</param>
                    <param id="1" name="Visibility">0</param>
                </action>
                <action id="-4" name="Set layer visible" sid="558801841856130" type="System">
                    <param id="0" name="Layer">&quot;complete&quot;</param>
                    <param id="1" name="Visibility">0</param>
                </action>
                <action behavior="Pin" id="0" name="Pin to object" sid="966062888984602" type="hero">
                    <param id="0" name="Pin to">hero_shadow</param>
                    <param id="1" name="Mode">1</param>
                </action>
                <action id="4" name="Set animation" sid="648522673232619" type="hero">
                    <param id="0" name="Animation">&quot;attack&quot;</param>
                    <param id="1" name="From">1</param>
                </action>
                <action id="1" name="Set visible" sid="127129408077334" type="BarProgress">
                    <param id="0" name="Visibility">1</param>
                </action>
                <action id="3" name="Set progress" sid="278581512315793" type="BarProgress">
                    <param id="0" name="Value">hero.health</param>
                </action>
                <action id="0" name="Set text" sid="372907077583028" type="ScoreText">
                    <param id="0" name="Text">&quot;x &quot;&amp;Score</param>
                </action>
                <action id="4" name="Set animation" sid="533072460914801" type="enemies">
                    <param id="0" name="Animation">&quot;walk&quot;</param>
                    <param id="1" name="From">1</param>
                </action>
                <action id="-9" name="Set value" sid="280441594866411" type="System">
                    <param id="0" name="Variable">Pause2</param>
                    <param id="1" name="Value">1</param>
                </action>
                <action id="-9" name="Set value" sid="473695137706676" type="System">
                    <param id="0" name="Variable">enemyDestroy</param>
                    <param id="1" name="Value">0</param>
                </action>
                <action id="-9" name="Set value" sid="686245765180217" type="System">
                    <param id="0" name="Variable">gate2</param>
                    <param id="1" name="Value">0</param>
                </action>
                <action id="5" name="Set frame" sid="704028350841074" type="flag">
                    <param id="0" name="Frame number">0</param>
                </action>
            </actions>
            <sub-events>
                <event-block sid="585048058057641">
                    <conditions>
                        <condition id="-14" name="Compare variable" sid="152518767763937" type="System">
                            <param id="0" name="Variable">Pause</param>
                            <param id="1" name="Comparison">0</param>
                            <param id="2" name="Value">1</param>
                        </condition>
                    </conditions>
                    <actions>
                        <action id="-13" name="Set time scale" sid="108696206719496" type="System">
                            <param id="0" name="Time scale">1</param>
                        </action>
                        <action id="-4" name="Set layer visible" sid="965759422682417" type="System">
                            <param id="0" name="Layer">&quot;pause&quot;</param>
                            <param id="1" name="Visibility">0</param>
                        </action>
                        <action id="-9" name="Set value" sid="327848591116175" type="System">
                            <param id="0" name="Variable">Pause</param>
                            <param id="1" name="Value">0</param>
                        </action>
                    </actions>
                </event-block>
            </sub-events>
        </event-block>
        <event-block sid="151266145693254">
            <conditions>
                <condition id="3" name="On touched object" sid="736315735349752" type="Touch">
                    <param id="0" name="Object">btnpause</param>
                </condition>
            </conditions>
            <actions />
            <sub-events>
                <event-block sid="135236199780000">
                    <conditions>
                        <condition id="-14" name="Compare variable" sid="500966172797312" type="System">
                            <param id="0" name="Variable">Pause2</param>
                            <param id="1" name="Comparison">0</param>
                            <param id="2" name="Value">0</param>
                        </condition>
                    </conditions>
                    <actions>
                        <action id="5" name="Set frame" sid="733241752653689" type="btnpause">
                            <param id="0" name="Frame number">1</param>
                        </action>
                        <action id="-13" name="Set time scale" sid="538866450931787" type="System">
                            <param id="0" name="Time scale">0</param>
                        </action>
                        <action id="-4" name="Set layer visible" sid="794565109101428" type="System">
                            <param id="0" name="Layer">&quot;pause&quot;</param>
                            <param id="1" name="Visibility">1</param>
                        </action>
                        <action id="-9" name="Set value" sid="584973413714962" type="System">
                            <param id="0" name="Variable">Pause2</param>
                            <param id="1" name="Value">1</param>
                        </action>
                    </actions>
                </event-block>
            </sub-events>
        </event-block>
        <event-block sid="289974051812056">
            <conditions>
                <condition id="-9" name="Layer is visible" sid="727741860976434" type="System">
                    <param id="0" name="Layer">&quot;pause&quot;</param>
                </condition>
            </conditions>
            <actions />
            <sub-events>
                <event-block sid="298887148411976">
                    <conditions>
                        <condition id="4" name="Is touching object" sid="650454797794267" type="Touch">
                            <param id="0" name="Object">btnOut</param>
                        </condition>
                    </conditions>
                    <actions>
                        <action id="-4" name="Set layer visible" sid="157634726515085" type="System">
                            <param id="0" name="Layer">&quot;gameover&quot;</param>
                            <param id="1" name="Visibility">1</param>
                        </action>
                        <action id="-4" name="Set layer visible" sid="497301297304891" type="System">
                            <param id="0" name="Layer">&quot;pause&quot;</param>
                            <param id="1" name="Visibility">0</param>
                        </action>
                    </actions>
                </event-block>
                <event-block sid="886142357917142">
                    <conditions>
                        <condition id="4" name="Is touching object" sid="841088959739237" type="Touch">
                            <param id="0" name="Object">btnstart</param>
                        </condition>
                    </conditions>
                    <actions>
                        <action id="5" name="Set frame" sid="468398531735834" type="btnpause">
                            <param id="0" name="Frame number">0</param>
                        </action>
                        <action id="-13" name="Set time scale" sid="474242588090793" type="System">
                            <param id="0" name="Time scale">1.0</param>
                        </action>
                        <action id="-4" name="Set layer visible" sid="284655193865851" type="System">
                            <param id="0" name="Layer">&quot;pause&quot;</param>
                            <param id="1" name="Visibility">0</param>
                        </action>
                        <action id="-9" name="Set value" sid="728412439595580" type="System">
                            <param id="0" name="Variable">Pause2</param>
                            <param id="1" name="Value">0</param>
                        </action>
                    </actions>
                </event-block>
            </sub-events>
        </event-block>
        <event-block sid="260715382203227">
            <conditions>
                <condition id="-9" name="Layer is visible" sid="231020348968483" type="System">
                    <param id="0" name="Layer">&quot;gameover&quot;</param>
                </condition>
            </conditions>
            <actions />
            <sub-events>
                <event-block sid="616894862198069">
                    <conditions>
                        <condition id="4" name="Is touching object" sid="231826137465606" type="Touch">
                            <param id="0" name="Object">btnexit</param>
                        </condition>
                    </conditions>
                    <actions>
                        <action id="5" name="Set frame" sid="975112819311269" type="btnpause">
                            <param id="0" name="Frame number">0</param>
                        </action>
                        <action id="-13" name="Set time scale" sid="737417284367102" type="System">
                            <param id="0" name="Time scale">1.0</param>
                        </action>
                        <action id="-4" name="Set layer visible" sid="690036017002539" type="System">
                            <param id="0" name="Layer">&quot;gameover&quot;</param>
                            <param id="1" name="Visibility">0</param>
                        </action>
                        <action id="-9" name="Set value" sid="655750767093276" type="System">
                            <param id="0" name="Variable">Pause2</param>
                            <param id="1" name="Value">0</param>
                        </action>
                    </actions>
                </event-block>
                <event-block sid="407591275622114">
                    <conditions>
                        <condition id="4" name="Is touching object" sid="874727229944581" type="Touch">
                            <param id="0" name="Object">btnapprove</param>
                        </condition>
                    </conditions>
                    <actions>
                        <action id="-2" name="Go to layout" sid="373732657995927" type="System">
                            <param id="0" name="Layout">menu</param>
                        </action>
                    </actions>
                </event-block>
            </sub-events>
        </event-block>
        <comment>Coin collection</comment>
        <event-block sid="488053671385269">
            <conditions>
                <condition id="0" name="On collision with another object" sid="573633236941228" type="hero">
                    <param id="0" name="Object">gems</param>
                </condition>
            </conditions>
            <actions>
                <action id="-10" name="Add to" sid="324616021235598" type="System">
                    <param id="0" name="Variable">Score</param>
                    <param id="1" name="Value">1</param>
                </action>
                <action id="0" name="Set text" sid="633949706359954" type="ScoreText">
                    <param id="0" name="Text">&quot;x &quot;&amp;Score</param>
                </action>
                <action id="-9" name="Destroy" sid="348537731873246" type="gems" />
            </actions>
        </event-block>
        <comment>Life collection</comment>
        <event-block sid="685163771006759">
            <conditions>
                <condition id="0" name="On collision with another object" sid="785305992064384" type="hero">
                    <param id="0" name="Object">lifecoin</param>
                </condition>
            </conditions>
            <actions>
                <action id="-9" name="Destroy" sid="348417141593259" type="lifecoin" />
            </actions>
            <sub-events>
                <event-block sid="151524680122660">
                    <conditions>
                        <condition id="-7" name="Compare instance variable" sid="392275750263907" type="hero">
                            <param id="0" name="Instance variable">health</param>
                            <param id="1" name="Comparison">2</param>
                            <param id="2" name="Value">100</param>
                        </condition>
                    </conditions>
                    <actions>
                        <action id="-11" name="Add to" sid="249711064501766" type="hero">
                            <param id="0" name="Instance variable">health</param>
                            <param id="1" name="Value">10</param>
                        </action>
                        <action id="3" name="Set progress" sid="678968460524860" type="BarProgress">
                            <param id="0" name="Value">hero.health</param>
                        </action>
                    </actions>
                </event-block>
                <event-block sid="936291410568738">
                    <conditions>
                        <condition id="-22" name="Else" sid="312154988354945" type="System" />
                    </conditions>
                    <actions>
                        <action id="3" name="Set progress" sid="271958204139949" type="BarProgress">
                            <param id="0" name="Value">100</param>
                        </action>
                    </actions>
                </event-block>
            </sub-events>
        </event-block>
        <event-block sid="729131731474119">
            <conditions>
                <condition id="1" name="Compare progress" sid="292699125101881" type="BarProgress">
                    <param id="0" name="Comparison">0</param>
                    <param id="1" name="Value">0</param>
                </condition>
            </conditions>
            <actions>
                <action id="4" name="Set animation" sid="141094396230846" type="hero">
                    <param id="0" name="Animation">&quot;dead&quot;</param>
                    <param id="1" name="From">1</param>
                </action>
                <action behavior="Platform" id="11" name="Set enabled" sid="578213591768527" type="hero_shadow">
                    <param id="0" name="State">0</param>
                </action>
                <action id="-16" name="Wait" sid="439219885354571" type="System">
                    <param id="0" name="Seconds">1.0</param>
                </action>
                <action id="-9" name="Destroy" sid="392779731316506" type="hero" />
                <action id="-9" name="Destroy" sid="194092894428805" type="enemies" />
                <action id="-4" name="Set layer visible" sid="895353964926097" type="System">
                    <param id="0" name="Layer">&quot;complete&quot;</param>
                    <param id="1" name="Visibility">1</param>
                </action>
                <action id="-9" name="Destroy" sid="760280683875388" type="hero_shadow" />
                <action id="5" name="Set frame" sid="389496672656690" type="score_header">
                    <param id="0" name="Frame number">0</param>
                </action>
            </actions>
        </event-block>
        <comment>Enemy movements</comment>
        <event-block sid="386274998080555">
            <conditions>
                <condition id="-7" name="Compare instance variable" sid="819786951303438" type="enemy1">
                    <param id="0" name="Instance variable">direction</param>
                    <param id="1" name="Comparison">0</param>
                    <param id="2" name="Value">&quot;right&quot;</param>
                </condition>
            </conditions>
            <actions>
                <action behavior="Platform" id="7" name="Simulate control" sid="329537857706062" type="enemy1">
                    <param id="0" name="Control">1</param>
                </action>
                <action id="7" name="Set mirrored" sid="477561614799519" type="enemy1">
                    <param id="0" name="State">1</param>
                </action>
            </actions>
        </event-block>
        <event-block sid="954089684527070">
            <conditions>
                <condition id="-7" name="Compare instance variable" sid="515990626716948" type="enemy1">
                    <param id="0" name="Instance variable">direction</param>
                    <param id="1" name="Comparison">0</param>
                    <param id="2" name="Value">&quot;left&quot;</param>
                </condition>
            </conditions>
            <actions>
                <action behavior="Platform" id="7" name="Simulate control" sid="399969884152285" type="enemy1">
                    <param id="0" name="Control">0</param>
                </action>
                <action id="7" name="Set mirrored" sid="383973885341232" type="enemy1">
                    <param id="0" name="State">0</param>
                </action>
            </actions>
        </event-block>
        <event-block sid="251397088494899">
            <conditions>
                <condition id="-7" name="Compare instance variable" sid="410847562154301" type="enemy2">
                    <param id="0" name="Instance variable">direction</param>
                    <param id="1" name="Comparison">0</param>
                    <param id="2" name="Value">&quot;right&quot;</param>
                </condition>
            </conditions>
            <actions>
                <action behavior="Platform" id="7" name="Simulate control" sid="641219836846308" type="enemy2">
                    <param id="0" name="Control">1</param>
                </action>
                <action id="7" name="Set mirrored" sid="159562169026874" type="enemy2">
                    <param id="0" name="State">1</param>
                </action>
            </actions>
        </event-block>
        <event-block sid="137815252601930">
            <conditions>
                <condition id="-7" name="Compare instance variable" sid="586688459384767" type="enemy2">
                    <param id="0" name="Instance variable">direction</param>
                    <param id="1" name="Comparison">0</param>
                    <param id="2" name="Value">&quot;left&quot;</param>
                </condition>
            </conditions>
            <actions>
                <action behavior="Platform" id="7" name="Simulate control" sid="990222709701940" type="enemy2">
                    <param id="0" name="Control">0</param>
                </action>
                <action id="7" name="Set mirrored" sid="229343265769100" type="enemy2">
                    <param id="0" name="State">0</param>
                </action>
            </actions>
        </event-block>
        <event-block sid="665670415325029">
            <conditions>
                <condition id="-7" name="Compare instance variable" sid="267880304799823" type="enemy3">
                    <param id="0" name="Instance variable">direction</param>
                    <param id="1" name="Comparison">0</param>
                    <param id="2" name="Value">&quot;right&quot;</param>
                </condition>
            </conditions>
            <actions>
                <action behavior="Platform" id="7" name="Simulate control" sid="177674902377620" type="enemy3">
                    <param id="0" name="Control">1</param>
                </action>
                <action id="7" name="Set mirrored" sid="397189840651567" type="enemy3">
                    <param id="0" name="State">1</param>
                </action>
            </actions>
        </event-block>
        <event-block sid="994979595893926">
            <conditions>
                <condition id="-7" name="Compare instance variable" sid="405355264699804" type="enemy3">
                    <param id="0" name="Instance variable">direction</param>
                    <param id="1" name="Comparison">0</param>
                    <param id="2" name="Value">&quot;left&quot;</param>
                </condition>
            </conditions>
            <actions>
                <action behavior="Platform" id="7" name="Simulate control" sid="131723741948455" type="enemy3">
                    <param id="0" name="Control">0</param>
                </action>
                <action id="7" name="Set mirrored" sid="512413103706437" type="enemy3">
                    <param id="0" name="State">0</param>
                </action>
            </actions>
        </event-block>
        <event-block sid="385003794442241">
            <conditions>
                <condition id="-7" name="Compare instance variable" sid="878122382909543" type="enemy4">
                    <param id="0" name="Instance variable">direction</param>
                    <param id="1" name="Comparison">0</param>
                    <param id="2" name="Value">&quot;right&quot;</param>
                </condition>
            </conditions>
            <actions>
                <action behavior="Platform" id="7" name="Simulate control" sid="873595058332924" type="enemy4">
                    <param id="0" name="Control">1</param>
                </action>
                <action id="7" name="Set mirrored" sid="214486913627486" type="enemy4">
                    <param id="0" name="State">1</param>
                </action>
            </actions>
        </event-block>
        <event-block sid="624380829815248">
            <conditions>
                <condition id="-7" name="Compare instance variable" sid="262630409650153" type="enemy4">
                    <param id="0" name="Instance variable">direction</param>
                    <param id="1" name="Comparison">0</param>
                    <param id="2" name="Value">&quot;left&quot;</param>
                </condition>
            </conditions>
            <actions>
                <action behavior="Platform" id="7" name="Simulate control" sid="455305664620959" type="enemy4">
                    <param id="0" name="Control">0</param>
                </action>
                <action id="7" name="Set mirrored" sid="965939996807459" type="enemy4">
                    <param id="0" name="State">0</param>
                </action>
            </actions>
        </event-block>
        <event-block sid="758857857068579">
            <conditions>
                <condition id="-7" name="Compare instance variable" sid="795634188061394" type="enemy5">
                    <param id="0" name="Instance variable">direction</param>
                    <param id="1" name="Comparison">0</param>
                    <param id="2" name="Value">&quot;right&quot;</param>
                </condition>
            </conditions>
            <actions>
                <action behavior="Platform" id="7" name="Simulate control" sid="501645278647195" type="enemy5">
                    <param id="0" name="Control">1</param>
                </action>
                <action id="7" name="Set mirrored" sid="654540728432250" type="enemy5">
                    <param id="0" name="State">1</param>
                </action>
            </actions>
        </event-block>
        <event-block sid="996594655065071">
            <conditions>
                <condition id="-7" name="Compare instance variable" sid="643861916895464" type="enemy5">
                    <param id="0" name="Instance variable">direction</param>
                    <param id="1" name="Comparison">0</param>
                    <param id="2" name="Value">&quot;left&quot;</param>
                </condition>
            </conditions>
            <actions>
                <action behavior="Platform" id="7" name="Simulate control" sid="498073991607480" type="enemy5">
                    <param id="0" name="Control">0</param>
                </action>
                <action id="7" name="Set mirrored" sid="926186794768798" type="enemy5">
                    <param id="0" name="State">0</param>
                </action>
            </actions>
        </event-block>
        <event-block sid="281958557209876">
            <conditions>
                <condition id="0" name="On collision with another object" sid="852689380131720" type="enemies">
                    <param id="0" name="Object">enemybarrier</param>
                </condition>
            </conditions>
            <actions />
            <sub-events>
                <event-block sid="190024244845963">
                    <conditions>
                        <condition id="-7" name="Compare instance variable" sid="578938647339764" type="enemies">
                            <param id="0" name="Instance variable">direction</param>
                            <param id="1" name="Comparison">0</param>
                            <param id="2" name="Value">&quot;right&quot;</param>
                        </condition>
                    </conditions>
                    <actions>
                        <action id="-10" name="Set value" sid="332393643946224" type="enemies">
                            <param id="0" name="Instance variable">direction</param>
                            <param id="1" name="Value">&quot;left&quot;</param>
                        </action>
                    </actions>
                </event-block>
                <event-block sid="170205598978731">
                    <conditions>
                        <condition id="-22" name="Else" sid="708685573458414" type="System" />
                    </conditions>
                    <actions>
                        <action id="-10" name="Set value" sid="616666115865215" type="enemies">
                            <param id="0" name="Instance variable">direction</param>
                            <param id="1" name="Value">&quot;right&quot;</param>
                        </action>
                    </actions>
                </event-block>
            </sub-events>
        </event-block>
        <comment>Hero meets enemy</comment>
        <event-block sid="737405822988600">
            <conditions>
                <condition id="0" name="On collision with another object" sid="330347489051059" type="hero_shadow">
                    <param id="0" name="Object">enemy1</param>
                </condition>
            </conditions>
            <actions />
            <sub-events>
                <event-block sid="144430974569901">
                    <conditions>
                        <condition behavior="Platform" id="4" name="Is falling" sid="456763149609098" type="hero_shadow" />
                    </conditions>
                    <actions>
                        <action behavior="Platform" id="11" name="Set enabled" sid="942223407017051" type="enemy1">
                            <param id="0" name="State">0</param>
                        </action>
                        <action id="4" name="Set animation" sid="838623715876832" type="enemy1">
                            <param id="0" name="Animation">&quot;dying&quot;</param>
                            <param id="1" name="From">1</param>
                        </action>
                        <action behavior="Platform" id="9" name="Set vector Y" sid="581670563831548" type="hero_shadow">
                            <param id="0" name="Vector Y">-600</param>
                        </action>
                        <action id="-16" name="Wait" sid="532330502172701" type="System">
                            <param id="0" name="Seconds">0.7</param>
                        </action>
                        <action id="-9" name="Destroy" sid="250609605850377" type="enemy1" />
                    </actions>
                </event-block>
                <event-block sid="784727757148595">
                    <conditions>
                        <condition id="-22" name="Else" sid="705508164144087" type="System" />
                    </conditions>
                    <actions>
                        <action behavior="Flash" id="0" name="Flash" sid="647061349893584" type="hero">
                            <param id="0" name="&apos;On&apos; time">0.1</param>
                            <param id="1" name="&apos;Off&apos; time">0.1</param>
                            <param id="2" name="Duration">1.0</param>
                        </action>
                        <action id="-12" name="Subtract from" sid="510751537694301" type="hero">
                            <param id="0" name="Instance variable">health</param>
                            <param id="1" name="Value">10</param>
                        </action>
                        <action id="3" name="Set progress" sid="770979201143072" type="BarProgress">
                            <param id="0" name="Value">hero.health</param>
                        </action>
                        <action id="0" name="Play" sid="262761283403155" type="Audio">
                            <param id="0" name="Audio file">stab_knife_02</param>
                            <param id="2" name="Loop">0</param>
                            <param id="3" name="Volume">0</param>
                            <param id="1" name="Tag (optional)">&quot;sound&quot;</param>
                        </action>
                    </actions>
                </event-block>
            </sub-events>
        </event-block>
        <event-block sid="502499421515820">
            <conditions>
                <condition id="0" name="On collision with another object" sid="609806674023588" type="hero_shadow">
                    <param id="0" name="Object">enemy2</param>
                </condition>
            </conditions>
            <actions />
            <sub-events>
                <event-block sid="177501797755061">
                    <conditions>
                        <condition behavior="Platform" id="4" name="Is falling" sid="448468173742072" type="hero_shadow" />
                    </conditions>
                    <actions>
                        <action behavior="Platform" id="11" name="Set enabled" sid="709098371720043" type="enemy2">
                            <param id="0" name="State">0</param>
                        </action>
                        <action id="4" name="Set animation" sid="747340324633418" type="enemy2">
                            <param id="0" name="Animation">&quot;dying&quot;</param>
                            <param id="1" name="From">1</param>
                        </action>
                        <action behavior="Platform" id="9" name="Set vector Y" sid="384290711258370" type="hero_shadow">
                            <param id="0" name="Vector Y">-600</param>
                        </action>
                        <action id="-16" name="Wait" sid="923520231923497" type="System">
                            <param id="0" name="Seconds">0.7</param>
                        </action>
                        <action id="-9" name="Destroy" sid="979998772244657" type="enemy2" />
                    </actions>
                </event-block>
                <event-block sid="952677373416867">
                    <conditions>
                        <condition id="-22" name="Else" sid="635023063543541" type="System" />
                    </conditions>
                    <actions>
                        <action behavior="Flash" id="0" name="Flash" sid="374311418593888" type="hero">
                            <param id="0" name="&apos;On&apos; time">0.1</param>
                            <param id="1" name="&apos;Off&apos; time">0.1</param>
                            <param id="2" name="Duration">1.0</param>
                        </action>
                        <action id="-12" name="Subtract from" sid="262276445929007" type="hero">
                            <param id="0" name="Instance variable">health</param>
                            <param id="1" name="Value">10</param>
                        </action>
                        <action id="3" name="Set progress" sid="645748798993482" type="BarProgress">
                            <param id="0" name="Value">hero.health</param>
                        </action>
                        <action id="0" name="Play" sid="433283418785084" type="Audio">
                            <param id="0" name="Audio file">stab_knife_02</param>
                            <param id="2" name="Loop">0</param>
                            <param id="3" name="Volume">0</param>
                            <param id="1" name="Tag (optional)">&quot;sound&quot;</param>
                        </action>
                    </actions>
                </event-block>
            </sub-events>
        </event-block>
        <event-block sid="831182903844768">
            <conditions>
                <condition id="0" name="On collision with another object" sid="920436049734422" type="hero_shadow">
                    <param id="0" name="Object">enemy3</param>
                </condition>
            </conditions>
            <actions />
            <sub-events>
                <event-block sid="532137627504847">
                    <conditions>
                        <condition behavior="Platform" id="4" name="Is falling" sid="854825851481724" type="hero_shadow" />
                    </conditions>
                    <actions>
                        <action behavior="Platform" id="11" name="Set enabled" sid="706811744231640" type="enemy3">
                            <param id="0" name="State">0</param>
                        </action>
                        <action id="4" name="Set animation" sid="204967394569205" type="enemy3">
                            <param id="0" name="Animation">&quot;dying&quot;</param>
                            <param id="1" name="From">1</param>
                        </action>
                        <action behavior="Platform" id="9" name="Set vector Y" sid="841996755710476" type="hero_shadow">
                            <param id="0" name="Vector Y">-600</param>
                        </action>
                        <action id="-16" name="Wait" sid="285473689157773" type="System">
                            <param id="0" name="Seconds">0.7</param>
                        </action>
                        <action id="-9" name="Destroy" sid="276077182471236" type="enemy3" />
                    </actions>
                </event-block>
                <event-block sid="359633475869367">
                    <conditions>
                        <condition id="-22" name="Else" sid="836009486868462" type="System" />
                    </conditions>
                    <actions>
                        <action behavior="Flash" id="0" name="Flash" sid="858576195953824" type="hero">
                            <param id="0" name="&apos;On&apos; time">0.1</param>
                            <param id="1" name="&apos;Off&apos; time">0.1</param>
                            <param id="2" name="Duration">1.0</param>
                        </action>
                        <action id="-12" name="Subtract from" sid="887610131366255" type="hero">
                            <param id="0" name="Instance variable">health</param>
                            <param id="1" name="Value">10</param>
                        </action>
                        <action id="3" name="Set progress" sid="691280743102347" type="BarProgress">
                            <param id="0" name="Value">hero.health</param>
                        </action>
                        <action id="0" name="Play" sid="577462579676803" type="Audio">
                            <param id="0" name="Audio file">stab_knife_02</param>
                            <param id="2" name="Loop">0</param>
                            <param id="3" name="Volume">0</param>
                            <param id="1" name="Tag (optional)">&quot;sound&quot;</param>
                        </action>
                    </actions>
                </event-block>
            </sub-events>
        </event-block>
        <event-block sid="771600716065598">
            <conditions>
                <condition id="0" name="On collision with another object" sid="163502297486907" type="hero_shadow">
                    <param id="0" name="Object">enemy4</param>
                </condition>
            </conditions>
            <actions />
            <sub-events>
                <event-block sid="595126673924625">
                    <conditions>
                        <condition behavior="Platform" id="4" name="Is falling" sid="332560354868613" type="hero_shadow" />
                    </conditions>
                    <actions>
                        <action behavior="Platform" id="11" name="Set enabled" sid="549221180595088" type="enemy4">
                            <param id="0" name="State">0</param>
                        </action>
                        <action id="4" name="Set animation" sid="474888630320664" type="enemy4">
                            <param id="0" name="Animation">&quot;dying&quot;</param>
                            <param id="1" name="From">1</param>
                        </action>
                        <action behavior="Platform" id="9" name="Set vector Y" sid="354483964062769" type="hero_shadow">
                            <param id="0" name="Vector Y">-600</param>
                        </action>
                        <action id="-16" name="Wait" sid="812600733906660" type="System">
                            <param id="0" name="Seconds">0.7</param>
                        </action>
                        <action id="-9" name="Destroy" sid="698503176038634" type="enemy4" />
                    </actions>
                </event-block>
                <event-block sid="401718438949878">
                    <conditions>
                        <condition id="-22" name="Else" sid="909828027931528" type="System" />
                    </conditions>
                    <actions>
                        <action behavior="Flash" id="0" name="Flash" sid="333420127954901" type="hero">
                            <param id="0" name="&apos;On&apos; time">0.1</param>
                            <param id="1" name="&apos;Off&apos; time">0.1</param>
                            <param id="2" name="Duration">1.0</param>
                        </action>
                        <action id="-12" name="Subtract from" sid="424071942446673" type="hero">
                            <param id="0" name="Instance variable">health</param>
                            <param id="1" name="Value">10</param>
                        </action>
                        <action id="3" name="Set progress" sid="745014067712247" type="BarProgress">
                            <param id="0" name="Value">hero.health</param>
                        </action>
                        <action id="0" name="Play" sid="180051538830449" type="Audio">
                            <param id="0" name="Audio file">stab_knife_02</param>
                            <param id="2" name="Loop">0</param>
                            <param id="3" name="Volume">0</param>
                            <param id="1" name="Tag (optional)">&quot;sound&quot;</param>
                        </action>
                    </actions>
                </event-block>
            </sub-events>
        </event-block>
        <event-block sid="971763003593436">
            <conditions>
                <condition id="0" name="On collision with another object" sid="316821386566629" type="hero_shadow">
                    <param id="0" name="Object">enemy5</param>
                </condition>
            </conditions>
            <actions />
            <sub-events>
                <event-block sid="712969633747014">
                    <conditions>
                        <condition behavior="Platform" id="4" name="Is falling" sid="112413358647135" type="hero_shadow" />
                    </conditions>
                    <actions>
                        <action behavior="Platform" id="11" name="Set enabled" sid="748863220298512" type="enemy5">
                            <param id="0" name="State">0</param>
                        </action>
                        <action id="4" name="Set animation" sid="709311732564076" type="enemy5">
                            <param id="0" name="Animation">&quot;dying&quot;</param>
                            <param id="1" name="From">1</param>
                        </action>
                        <action behavior="Platform" id="9" name="Set vector Y" sid="125377646871527" type="hero_shadow">
                            <param id="0" name="Vector Y">-600</param>
                        </action>
                        <action id="-16" name="Wait" sid="897349820972320" type="System">
                            <param id="0" name="Seconds">0.7</param>
                        </action>
                        <action id="-9" name="Destroy" sid="237661085202242" type="enemy5" />
                    </actions>
                </event-block>
                <event-block sid="936227931586999">
                    <conditions>
                        <condition id="-22" name="Else" sid="696553061080955" type="System" />
                    </conditions>
                    <actions>
                        <action behavior="Flash" id="0" name="Flash" sid="464747359268455" type="hero">
                            <param id="0" name="&apos;On&apos; time">0.1</param>
                            <param id="1" name="&apos;Off&apos; time">0.1</param>
                            <param id="2" name="Duration">1.0</param>
                        </action>
                        <action id="-12" name="Subtract from" sid="910179565448720" type="hero">
                            <param id="0" name="Instance variable">health</param>
                            <param id="1" name="Value">10</param>
                        </action>
                        <action id="3" name="Set progress" sid="112766531410144" type="BarProgress">
                            <param id="0" name="Value">hero.health</param>
                        </action>
                        <action id="0" name="Play" sid="498562214445739" type="Audio">
                            <param id="0" name="Audio file">stab_knife_02</param>
                            <param id="2" name="Loop">0</param>
                            <param id="3" name="Volume">0</param>
                            <param id="1" name="Tag (optional)">&quot;sound&quot;</param>
                        </action>
                    </actions>
                </event-block>
            </sub-events>
        </event-block>
        <event-block sid="615187107007112">
            <conditions>
                <condition behavior="LineOfSight" id="0" name="Has LOS to object" sid="584300886156300" type="enemy1">
                    <param id="0" name="Object">hero_shadow</param>
                </condition>
            </conditions>
            <actions />
            <sub-events>
                <event-block sid="401337773737352">
                    <conditions>
                        <condition id="-1" name="Compare X" sid="959591741600482" type="hero_shadow">
                            <param id="0" name="Comparison">4</param>
                            <param id="1" name="X co-ordinate">enemy1.X</param>
                        </condition>
                        <condition id="-6" name="Every X seconds" sid="975191776265877" type="System">
                            <param id="0" name="Interval (seconds)">0.6</param>
                        </condition>
                    </conditions>
                    <actions>
                        <action id="4" name="Set animation" sid="411703211507637" type="enemy1">
                            <param id="0" name="Animation">&quot;attack&quot;</param>
                            <param id="1" name="From">1</param>
                        </action>
                        <action id="0" name="Spawn another object" sid="511069110532866" type="enemy1">
                            <param id="0" name="Object">rock</param>
                            <param id="1" name="Layer">&quot;game&quot;</param>
                            <param id="2" name="Image point">0</param>
                        </action>
                        <action id="-22" name="Set angle toward position" sid="399030657727799" type="rock">
                            <param id="0" name="X">hero.X</param>
                            <param id="1" name="Y">hero.Y</param>
                        </action>
                    </actions>
                </event-block>
                <event-block sid="481293936333295">
                    <conditions>
                        <condition id="-1" name="Compare X" sid="352143404053957" type="hero_shadow">
                            <param id="0" name="Comparison">2</param>
                            <param id="1" name="X co-ordinate">enemy1.X</param>
                        </condition>
                        <condition id="-6" name="Every X seconds" sid="896771480445716" type="System">
                            <param id="0" name="Interval (seconds)">0.6</param>
                        </condition>
                    </conditions>
                    <actions>
                        <action id="0" name="Spawn another object" sid="834090697169038" type="enemy1">
                            <param id="0" name="Object">rock</param>
                            <param id="1" name="Layer">&quot;game&quot;</param>
                            <param id="2" name="Image point">0</param>
                        </action>
                        <action id="-22" name="Set angle toward position" sid="234497044744376" type="rock">
                            <param id="0" name="X">hero.X</param>
                            <param id="1" name="Y">hero.Y</param>
                        </action>
                    </actions>
                </event-block>
            </sub-events>
        </event-block>
        <event-block sid="369624509431760">
            <conditions>
                <condition id="0" name="On collision with another object" sid="527527245807801" type="rock">
                    <param id="0" name="Object">hero_shadow</param>
                </condition>
            </conditions>
            <actions>
                <action behavior="Flash" id="0" name="Flash" sid="544377311288953" type="hero">
                    <param id="0" name="&apos;On&apos; time">0.1</param>
                    <param id="1" name="&apos;Off&apos; time">0.1</param>
                    <param id="2" name="Duration">0.5</param>
                </action>
                <action id="-12" name="Subtract from" sid="266277454815489" type="hero">
                    <param id="0" name="Instance variable">health</param>
                    <param id="1" name="Value">5</param>
                </action>
                <action id="3" name="Set progress" sid="669872861081260" type="BarProgress">
                    <param id="0" name="Value">hero.health</param>
                </action>
                <action id="-9" name="Destroy" sid="597954293743641" type="rock" />
                <action id="0" name="Play" sid="777956366829239" type="Audio">
                    <param id="0" name="Audio file">ouch1</param>
                    <param id="2" name="Loop">0</param>
                    <param id="3" name="Volume">0</param>
                    <param id="1" name="Tag (optional)">&quot;sound&quot;</param>
                </action>
            </actions>
        </event-block>
        <event-block sid="843521760537436">
            <conditions>
                <condition id="-4" name="Is outside layout" sid="775934016965703" type="rock" />
            </conditions>
            <actions>
                <action id="-9" name="Destroy" sid="249758660932443" type="rock" />
            </actions>
        </event-block>
        <event-block sid="296776215185074">
            <conditions>
                <condition id="0" name="On collision with another object" sid="410974641227728" type="hero">
                    <param id="0" name="Object">spikes</param>
                </condition>
            </conditions>
            <actions>
                <action behavior="Flash" id="0" name="Flash" sid="254944993446177" type="hero">
                    <param id="0" name="&apos;On&apos; time">0.1</param>
                    <param id="1" name="&apos;Off&apos; time">0.1</param>
                    <param id="2" name="Duration">1.0</param>
                </action>
                <action id="-12" name="Subtract from" sid="216338020469354" type="hero">
                    <param id="0" name="Instance variable">health</param>
                    <param id="1" name="Value">5</param>
                </action>
                <action id="3" name="Set progress" sid="797440953412409" type="BarProgress">
                    <param id="0" name="Value">hero.health</param>
                </action>
                <action id="0" name="Play" sid="415540846043534" type="Audio">
                    <param id="0" name="Audio file">ouch1</param>
                    <param id="2" name="Loop">0</param>
                    <param id="3" name="Volume">0</param>
                    <param id="1" name="Tag (optional)">&quot;sound&quot;</param>
                </action>
            </actions>
        </event-block>
        <event-block sid="386302069407785">
            <conditions>
                <condition id="0" name="On collision with another object" sid="632360570418226" type="bullet">
                    <param id="0" name="Object">box</param>
                </condition>
            </conditions>
            <actions>
                <action id="0" name="Spawn another object" sid="175139430756797" type="box">
                    <param id="0" name="Object">explode_box</param>
                    <param id="1" name="Layer">1</param>
                    <param id="2" name="Image point">0</param>
                </action>
                <action id="-8" name="Set angle" sid="884512286706774" type="explode_box">
                    <param id="0" name="Angle">270</param>
                </action>
                <action id="-9" name="Destroy" sid="293346660150479" type="box" />
                <action id="-9" name="Destroy" sid="681112996654151" type="bullet" />
                <action id="0" name="Play" sid="955190661272057" type="Audio">
                    <param id="0" name="Audio file">explosion10</param>
                    <param id="2" name="Loop">0</param>
                    <param id="3" name="Volume">0</param>
                    <param id="1" name="Tag (optional)">&quot;sound&quot;</param>
                </action>
            </actions>
        </event-block>
        <event-block sid="543143060027048">
            <conditions>
                <condition id="1" name="Is overlapping another object" sid="530983050177153" type="hero_shadow">
                    <param id="0" name="Object">key3</param>
                </condition>
            </conditions>
            <actions>
                <action id="5" name="Set frame" sid="102084884152187" type="key1">
                    <param id="0" name="Frame number">1</param>
                </action>
                <action id="-9" name="Destroy" sid="868659295941157" type="key3" />
                <action id="-9" name="Set value" sid="276501889833404" type="System">
                    <param id="0" name="Variable">Key1</param>
                    <param id="1" name="Value">1</param>
                </action>
            </actions>
        </event-block>
        <event-block sid="764960092760405">
            <conditions>
                <condition id="1" name="Is overlapping another object" sid="347138801845485" type="hero_shadow">
                    <param id="0" name="Object">key4</param>
                </condition>
            </conditions>
            <actions>
                <action id="5" name="Set frame" sid="139862878090693" type="key2">
                    <param id="0" name="Frame number">1</param>
                </action>
                <action id="-9" name="Destroy" sid="587188465735145" type="key4" />
                <action id="-9" name="Set value" sid="411647651434978" type="System">
                    <param id="0" name="Variable">Key2</param>
                    <param id="1" name="Value">1</param>
                </action>
            </actions>
        </event-block>
        <event-block sid="616358139642573">
            <conditions>
                <condition id="-14" name="Compare variable" sid="393396371730502" type="System">
                    <param id="0" name="Variable">Key1</param>
                    <param id="1" name="Comparison">0</param>
                    <param id="2" name="Value">1</param>
                </condition>
                <condition id="-14" name="Compare variable" sid="461891786994810" type="System">
                    <param id="0" name="Variable">Key2</param>
                    <param id="1" name="Comparison">0</param>
                    <param id="2" name="Value">1</param>
                </condition>
            </conditions>
            <actions>
                <action id="5" name="Set frame" sid="598178677241621" type="flag">
                    <param id="0" name="Frame number">1</param>
                </action>
                <action id="-9" name="Set value" sid="695385674981676" type="System">
                    <param id="0" name="Variable">gate2</param>
                    <param id="1" name="Value">1</param>
                </action>
            </actions>
        </event-block>
        <event-block sid="426278341549858">
            <conditions>
                <condition id="-14" name="Compare variable" sid="635466939517927" type="System">
                    <param id="0" name="Variable">gate2</param>
                    <param id="1" name="Comparison">0</param>
                    <param id="2" name="Value">1</param>
                </condition>
            </conditions>
            <actions />
            <sub-events>
                <event-block sid="539572764957916">
                    <conditions>
                        <condition id="0" name="On collision with another object" sid="502527074289510" type="hero_shadow">
                            <param id="0" name="Object">flag</param>
                        </condition>
                    </conditions>
                    <actions>
                        <action behavior="Platform" id="11" name="Set enabled" sid="927367547940156" type="hero">
                            <param id="0" name="State">0</param>
                        </action>
                        <action id="-16" name="Wait" sid="162247400703695" type="System">
                            <param id="0" name="Seconds">1.0</param>
                        </action>
                        <action id="-4" name="Set layer visible" sid="467612966008700" type="System">
                            <param id="0" name="Layer">&quot;complete&quot;</param>
                            <param id="1" name="Visibility">1</param>
                        </action>
                        <action id="-9" name="Set value" sid="305357980401099" type="System">
                            <param id="0" name="Variable">Pause</param>
                            <param id="1" name="Value">0</param>
                        </action>
                    </actions>
                    <sub-events>
                        <event-block sid="189230667441458">
                            <conditions>
                                <condition id="-14" name="Compare variable" sid="940759586328902" type="System">
                                    <param id="0" name="Variable">Score</param>
                                    <param id="1" name="Comparison">5</param>
                                    <param id="2" name="Value">75</param>
                                </condition>
                            </conditions>
                            <actions>
                                <action id="5" name="Set frame" sid="915952017662870" type="score_header">
                                    <param id="0" name="Frame number">1</param>
                                </action>
                                <action id="0" name="Spawn another object" sid="318279901489452" type="tool">
                                    <param id="0" name="Object">particles</param>
                                    <param id="1" name="Layer">&quot;complete&quot;</param>
                                    <param id="2" name="Image point">0</param>
                                </action>
                                <action id="-8" name="Set angle" sid="397223956631140" type="particles">
                                    <param id="0" name="Angle">270</param>
                                </action>
                                <action id="5" name="Set frame" sid="119996244087293" type="score">
                                    <param id="0" name="Frame number">3</param>
                                </action>
                            </actions>
                            <sub-events>
                                <event-block sid="202050870339425">
                                    <conditions>
                                        <condition id="4" name="Is touching object" sid="496715119531256" type="Touch">
                                            <param id="0" name="Object">btnnext</param>
                                        </condition>
                                    </conditions>
                                    <actions>
                                        <action id="-2" name="Go to layout" sid="195515885136686" type="System">
                                            <param id="0" name="Layout">stage3</param>
                                        </action>
                                    </actions>
                                </event-block>
                            </sub-events>
                        </event-block>
                        <event-block sid="997395386962044">
                            <conditions>
                                <condition id="-14" name="Compare variable" sid="465701567259076" type="System">
                                    <param id="0" name="Variable">Score</param>
                                    <param id="1" name="Comparison">2</param>
                                    <param id="2" name="Value">75</param>
                                </condition>
                                <condition id="-14" name="Compare variable" sid="105396759120491" type="System">
                                    <param id="0" name="Variable">Score</param>
                                    <param id="1" name="Comparison">5</param>
                                    <param id="2" name="Value">60</param>
                                </condition>
                            </conditions>
                            <actions>
                                <action id="5" name="Set frame" sid="351615023770719" type="score_header">
                                    <param id="0" name="Frame number">1</param>
                                </action>
                                <action id="5" name="Set frame" sid="461824629922526" type="score">
                                    <param id="0" name="Frame number">2</param>
                                </action>
                                <action id="-2" name="Go to layout" sid="680678685612141" type="System">
                                    <param id="0" name="Layout">stage3</param>
                                </action>
                            </actions>
                            <sub-events>
                                <event-block sid="847261669131350">
                                    <conditions>
                                        <condition id="4" name="Is touching object" sid="134110914109638" type="Touch">
                                            <param id="0" name="Object">btnnext</param>
                                        </condition>
                                    </conditions>
                                    <actions>
                                        <action id="-2" name="Go to layout" sid="928144140952887" type="System">
                                            <param id="0" name="Layout">stage3</param>
                                        </action>
                                    </actions>
                                </event-block>
                            </sub-events>
                        </event-block>
                        <event-block sid="959869995066233">
                            <conditions>
                                <condition id="-14" name="Compare variable" sid="347215436735785" type="System">
                                    <param id="0" name="Variable">Score</param>
                                    <param id="1" name="Comparison">2</param>
                                    <param id="2" name="Value">60</param>
                                </condition>
                                <condition id="-14" name="Compare variable" sid="756311090878754" type="System">
                                    <param id="0" name="Variable">Score</param>
                                    <param id="1" name="Comparison">5</param>
                                    <param id="2" name="Value">45</param>
                                </condition>
                            </conditions>
                            <actions>
                                <action id="5" name="Set frame" sid="463395043971865" type="score_header">
                                    <param id="0" name="Frame number">1</param>
                                </action>
                                <action id="5" name="Set frame" sid="388170428882066" type="score">
                                    <param id="0" name="Frame number">2</param>
                                </action>
                            </actions>
                            <sub-events>
                                <event-block sid="892260200912482">
                                    <conditions>
                                        <condition id="4" name="Is touching object" sid="823962576515418" type="Touch">
                                            <param id="0" name="Object">btnnext</param>
                                        </condition>
                                    </conditions>
                                    <actions>
                                        <action id="-2" name="Go to layout" sid="992240540228423" type="System">
                                            <param id="0" name="Layout">stage3</param>
                                        </action>
                                    </actions>
                                </event-block>
                            </sub-events>
                        </event-block>
                        <event-block sid="141715282624263">
                            <conditions>
                                <condition id="-14" name="Compare variable" sid="490413444524650" type="System">
                                    <param id="0" name="Variable">Score</param>
                                    <param id="1" name="Comparison">2</param>
                                    <param id="2" name="Value">45</param>
                                </condition>
                            </conditions>
                            <actions>
                                <action id="5" name="Set frame" sid="691643894101640" type="score_header">
                                    <param id="0" name="Frame number">0</param>
                                </action>
                            </actions>
                            <sub-events>
                                <event-block sid="820902115550632">
                                    <conditions>
                                        <condition id="4" name="Is touching object" sid="118019564203726" type="Touch">
                                            <param id="0" name="Object">btnnext</param>
                                        </condition>
                                    </conditions>
                                    <actions>
                                        <action id="-26" name="Restart layout" sid="525529852314471" type="System" />
                                    </actions>
                                </event-block>
                            </sub-events>
                        </event-block>
                    </sub-events>
                </event-block>
            </sub-events>
        </event-block>
        <event-block sid="218558208316852">
            <conditions>
                <condition id="3" name="On touched object" sid="417318270996150" type="Touch">
                    <param id="0" name="Object">btnOut1</param>
                </condition>
            </conditions>
            <actions>
                <action id="-2" name="Go to layout" sid="380432070092147" type="System">
                    <param id="0" name="Layout">menu</param>
                </action>
            </actions>
        </event-block>
        <event-block sid="960893841975350">
            <conditions>
                <condition id="3" name="On touched object" sid="379868105617248" type="Touch">
                    <param id="0" name="Object">btnnext</param>
                </condition>
            </conditions>
            <actions>
                <action id="-2" name="Go to layout" sid="334040214502119" type="System">
                    <param id="0" name="Layout">levels</param>
                </action>
            </actions>
        </event-block>
        <variable constant="0" name="Pause3" sid="828061478075443" static="0" type="number">0</variable>
        <variable constant="0" name="enemyDestroy3" sid="252142791730466" static="0" type="number">0</variable>
    </events>
</c2eventsheet>
