﻿<?xml version="1.0" encoding="utf-8" ?>
<c2eventsheet>
    <!--All the 'name' attributes are ignored by Construct 2 - they are there for readability only.-->
    <name>e_stage1</name>
    <events>
        <variable constant="0" name="Score" sid="214000628469896" static="0" type="number">0</variable>
        <variable constant="0" name="Pause" sid="762320596687972" static="0" type="number">0</variable>
        <variable constant="0" name="enemyDestroy" sid="814727178583427" static="0" type="number">0</variable>
        <variable constant="0" name="Key1" sid="280789915429935" static="0" type="number">0</variable>
        <variable constant="0" name="Key2" sid="409731401295986" static="0" type="number">0</variable>
        <variable constant="0" name="gate" sid="581578166150575" static="0" type="number">0</variable>
        <include>e_movement</include>
        <include>e_music</include>
        <include>es_menu</include>
        <event-block sid="222688592040861">
            <conditions>
                <condition id="-2" name="On start of layout" sid="946497196800905" type="System" />
            </conditions>
            <actions>
                <action id="0" name="Play" sid="921582348745067" type="Audio">
                    <param id="0" name="Audio file">Loop</param>
                    <param id="2" name="Loop">1</param>
                    <param id="3" name="Volume">-10</param>
                    <param id="1" name="Tag (optional)">&quot;music&quot;</param>
                </action>
                <action id="-9" name="Set value" sid="199766747897359" type="System">
                    <param id="0" name="Variable">Score</param>
                    <param id="1" name="Value">0</param>
                </action>
                <action id="-4" name="Set layer visible" sid="946707157897841" type="System">
                    <param id="0" name="Layer">&quot;gameover&quot;</param>
                    <param id="1" name="Visibility">0</param>
                </action>
                <action id="-4" name="Set layer visible" sid="121418630986809" type="System">
                    <param id="0" name="Layer">&quot;pause&quot;</param>
                    <param id="1" name="Visibility">0</param>
                </action>
                <action id="-4" name="Set layer visible" sid="189878518780865" type="System">
                    <param id="0" name="Layer">&quot;complete&quot;</param>
                    <param id="1" name="Visibility">0</param>
                </action>
                <action behavior="Pin" id="0" name="Pin to object" sid="217148796577115" type="hero">
                    <param id="0" name="Pin to">hero_shadow</param>
                    <param id="1" name="Mode">1</param>
                </action>
                <action id="4" name="Set animation" sid="929963626522797" type="hero">
                    <param id="0" name="Animation">&quot;attack&quot;</param>
                    <param id="1" name="From">1</param>
                </action>
                <action id="0" name="Set text" sid="747968225656630" type="ScoreText">
                    <param id="0" name="Text">&quot;x &quot;&amp;Score</param>
                </action>
                <action id="1" name="Set visible" sid="895969108846128" type="BarProgress">
                    <param id="0" name="Visibility">1</param>
                </action>
                <action id="3" name="Set progress" sid="259785816731661" type="BarProgress">
                    <param id="0" name="Value">hero.health</param>
                </action>
                <action id="4" name="Set animation" sid="221966895228007" type="enemies">
                    <param id="0" name="Animation">&quot;walk&quot;</param>
                    <param id="1" name="From">1</param>
                </action>
                <action id="-9" name="Set value" sid="309611211458883" type="System">
                    <param id="0" name="Variable">Pause</param>
                    <param id="1" name="Value">1</param>
                </action>
                <action id="-9" name="Set value" sid="365167910504626" type="System">
                    <param id="0" name="Variable">enemyDestroy</param>
                    <param id="1" name="Value">0</param>
                </action>
                <action id="-9" name="Set value" sid="562701036229987" type="System">
                    <param id="0" name="Variable">gate</param>
                    <param id="1" name="Value">0</param>
                </action>
                <action id="5" name="Set frame" sid="336996722896039" type="flag">
                    <param id="0" name="Frame number">0</param>
                </action>
                <action id="-15" name="Set visible" sid="822229547798502" type="HighScore">
                    <param id="0" name="Visibility">1</param>
                </action>
            </actions>
            <sub-events>
                <event-block sid="601950208963806">
                    <conditions>
                        <condition id="-14" name="Compare variable" sid="615441300636824" type="System">
                            <param id="0" name="Variable">Pause</param>
                            <param id="1" name="Comparison">0</param>
                            <param id="2" name="Value">1</param>
                        </condition>
                    </conditions>
                    <actions>
                        <action id="-13" name="Set time scale" sid="609971894740701" type="System">
                            <param id="0" name="Time scale">1</param>
                        </action>
                        <action id="-4" name="Set layer visible" sid="546954978598977" type="System">
                            <param id="0" name="Layer">&quot;pause&quot;</param>
                            <param id="1" name="Visibility">0</param>
                        </action>
                        <action id="-9" name="Set value" sid="980499300862037" type="System">
                            <param id="0" name="Variable">Pause</param>
                            <param id="1" name="Value">0</param>
                        </action>
                    </actions>
                </event-block>
            </sub-events>
        </event-block>
        <event-block sid="499704661974253">
            <conditions>
                <condition id="3" name="On touched object" sid="975133911851986" type="Touch">
                    <param id="0" name="Object">btnpause</param>
                </condition>
            </conditions>
            <actions />
            <sub-events>
                <event-block sid="305423486773415">
                    <conditions>
                        <condition id="-14" name="Compare variable" sid="830448559416518" type="System">
                            <param id="0" name="Variable">Pause</param>
                            <param id="1" name="Comparison">0</param>
                            <param id="2" name="Value">0</param>
                        </condition>
                    </conditions>
                    <actions>
                        <action id="-4" name="Set layer visible" sid="794184537974494" type="System">
                            <param id="0" name="Layer">&quot;pause&quot;</param>
                            <param id="1" name="Visibility">1</param>
                        </action>
                        <action id="-13" name="Set time scale" sid="511977378598406" type="System">
                            <param id="0" name="Time scale">0</param>
                        </action>
                        <action id="-9" name="Set value" sid="899901024340573" type="System">
                            <param id="0" name="Variable">Pause</param>
                            <param id="1" name="Value">1</param>
                        </action>
                        <action id="5" name="Set frame" sid="521135957005095" type="btnpause">
                            <param id="0" name="Frame number">1</param>
                        </action>
                    </actions>
                </event-block>
            </sub-events>
        </event-block>
        <event-block sid="561758753610425">
            <conditions>
                <condition id="-9" name="Layer is visible" sid="621850665153194" type="System">
                    <param id="0" name="Layer">&quot;pause&quot;</param>
                </condition>
            </conditions>
            <actions />
            <sub-events>
                <event-block sid="375055928986599">
                    <conditions>
                        <condition id="4" name="Is touching object" sid="481939187564573" type="Touch">
                            <param id="0" name="Object">btnOut</param>
                        </condition>
                    </conditions>
                    <actions>
                        <action id="-4" name="Set layer visible" sid="365743141391300" type="System">
                            <param id="0" name="Layer">&quot;gameover&quot;</param>
                            <param id="1" name="Visibility">1</param>
                        </action>
                        <action id="-4" name="Set layer visible" sid="659414254916368" type="System">
                            <param id="0" name="Layer">&quot;pause&quot;</param>
                            <param id="1" name="Visibility">0</param>
                        </action>
                        <action id="-9" name="Set value" sid="522726440083570" type="System">
                            <param id="0" name="Variable">Pause</param>
                            <param id="1" name="Value">0</param>
                        </action>
                    </actions>
                </event-block>
                <event-block sid="863746150117426">
                    <conditions>
                        <condition id="4" name="Is touching object" sid="517405080201481" type="Touch">
                            <param id="0" name="Object">btnstart</param>
                        </condition>
                    </conditions>
                    <actions>
                        <action id="5" name="Set frame" sid="393055038581936" type="btnpause">
                            <param id="0" name="Frame number">0</param>
                        </action>
                        <action id="-13" name="Set time scale" sid="917116832113296" type="System">
                            <param id="0" name="Time scale">1</param>
                        </action>
                        <action id="-4" name="Set layer visible" sid="351314737556647" type="System">
                            <param id="0" name="Layer">&quot;pause&quot;</param>
                            <param id="1" name="Visibility">0</param>
                        </action>
                        <action id="-9" name="Set value" sid="833535066772661" type="System">
                            <param id="0" name="Variable">Pause</param>
                            <param id="1" name="Value">0</param>
                        </action>
                    </actions>
                </event-block>
            </sub-events>
        </event-block>
        <event-block sid="810150364054992">
            <conditions>
                <condition id="-9" name="Layer is visible" sid="842322466269652" type="System">
                    <param id="0" name="Layer">&quot;gameover&quot;</param>
                </condition>
            </conditions>
            <actions />
            <sub-events>
                <event-block sid="128035468428063">
                    <conditions>
                        <condition id="4" name="Is touching object" sid="595570460113446" type="Touch">
                            <param id="0" name="Object">btnexit</param>
                        </condition>
                    </conditions>
                    <actions>
                        <action id="5" name="Set frame" sid="450922222151789" type="btnpause">
                            <param id="0" name="Frame number">0</param>
                        </action>
                        <action id="-13" name="Set time scale" sid="723844577884543" type="System">
                            <param id="0" name="Time scale">1.0</param>
                        </action>
                        <action id="-4" name="Set layer visible" sid="597351879647187" type="System">
                            <param id="0" name="Layer">&quot;gameover&quot;</param>
                            <param id="1" name="Visibility">0</param>
                        </action>
                        <action id="-9" name="Set value" sid="255703151284753" type="System">
                            <param id="0" name="Variable">Pause</param>
                            <param id="1" name="Value">0</param>
                        </action>
                    </actions>
                </event-block>
                <event-block sid="780696263879333">
                    <conditions>
                        <condition id="4" name="Is touching object" sid="277900575573479" type="Touch">
                            <param id="0" name="Object">btnapprove</param>
                        </condition>
                    </conditions>
                    <actions>
                        <action id="-2" name="Go to layout" sid="280612744323797" type="System">
                            <param id="0" name="Layout">menu</param>
                        </action>
                        <action id="-4" name="Set layer visible" sid="501704045781302" type="System">
                            <param id="0" name="Layer">&quot;gameover&quot;</param>
                            <param id="1" name="Visibility">0</param>
                        </action>
                    </actions>
                </event-block>
            </sub-events>
        </event-block>
        <comment>Coin collection</comment>
        <event-block sid="279089261071908">
            <conditions>
                <condition id="0" name="On collision with another object" sid="889068225080104" type="hero">
                    <param id="0" name="Object">gems</param>
                </condition>
            </conditions>
            <actions>
                <action id="0" name="Play" sid="177147921974183" type="Audio">
                    <param id="0" name="Audio file">coin</param>
                    <param id="2" name="Loop">0</param>
                    <param id="3" name="Volume">0</param>
                    <param id="1" name="Tag (optional)">&quot;sound&quot;</param>
                </action>
                <action id="-10" name="Add to" sid="747792080385787" type="System">
                    <param id="0" name="Variable">Score</param>
                    <param id="1" name="Value">1</param>
                </action>
                <action id="0" name="Set text" sid="645706514066098" type="ScoreText">
                    <param id="0" name="Text">&quot;x &quot;&amp;Score</param>
                </action>
                <action id="-9" name="Destroy" sid="542448260299669" type="gems" />
            </actions>
        </event-block>
        <comment>Life collection</comment>
        <event-block sid="335499093701736">
            <conditions>
                <condition id="0" name="On collision with another object" sid="568116199730735" type="hero">
                    <param id="0" name="Object">lifecoin</param>
                </condition>
            </conditions>
            <actions>
                <action id="-9" name="Destroy" sid="354753431533906" type="lifecoin" />
            </actions>
            <sub-events>
                <event-block sid="905973044238109">
                    <conditions>
                        <condition id="-7" name="Compare instance variable" sid="897070510577633" type="hero">
                            <param id="0" name="Instance variable">health</param>
                            <param id="1" name="Comparison">2</param>
                            <param id="2" name="Value">100</param>
                        </condition>
                    </conditions>
                    <actions>
                        <action id="-11" name="Add to" sid="638191281321223" type="hero">
                            <param id="0" name="Instance variable">health</param>
                            <param id="1" name="Value">10</param>
                        </action>
                        <action id="3" name="Set progress" sid="491415003878874" type="BarProgress">
                            <param id="0" name="Value">hero.health</param>
                        </action>
                    </actions>
                </event-block>
                <event-block sid="875753106978096">
                    <conditions>
                        <condition id="-22" name="Else" sid="583091114719813" type="System" />
                    </conditions>
                    <actions>
                        <action id="3" name="Set progress" sid="310385501902539" type="BarProgress">
                            <param id="0" name="Value">100</param>
                        </action>
                    </actions>
                </event-block>
            </sub-events>
        </event-block>
        <event-block sid="569723892667371">
            <conditions>
                <condition id="1" name="Compare progress" sid="814141153371894" type="BarProgress">
                    <param id="0" name="Comparison">0</param>
                    <param id="1" name="Value">0</param>
                </condition>
            </conditions>
            <actions>
                <action id="4" name="Set animation" sid="153093209133755" type="hero">
                    <param id="0" name="Animation">&quot;dead&quot;</param>
                    <param id="1" name="From">1</param>
                </action>
                <action behavior="Platform" id="11" name="Set enabled" sid="486815778776885" type="hero_shadow">
                    <param id="0" name="State">0</param>
                </action>
                <action id="-16" name="Wait" sid="388260958042551" type="System">
                    <param id="0" name="Seconds">1.0</param>
                </action>
                <action id="-9" name="Destroy" sid="625915200809676" type="hero" />
                <action id="-9" name="Destroy" sid="982981657644179" type="enemies" />
                <action id="-9" name="Destroy" sid="712541631617535" type="hero_shadow" />
                <action id="-4" name="Set layer visible" sid="109086587876646" type="System">
                    <param id="0" name="Layer">&quot;complete&quot;</param>
                    <param id="1" name="Visibility">1</param>
                </action>
                <action id="5" name="Set frame" sid="566418779846912" type="score_header">
                    <param id="0" name="Frame number">0</param>
                </action>
            </actions>
        </event-block>
        <comment>Enemy movements</comment>
        <event-block sid="443142183493379">
            <conditions>
                <condition id="-7" name="Compare instance variable" sid="313997476540770" type="enemy1">
                    <param id="0" name="Instance variable">direction</param>
                    <param id="1" name="Comparison">0</param>
                    <param id="2" name="Value">&quot;right&quot;</param>
                </condition>
            </conditions>
            <actions>
                <action behavior="Platform" id="7" name="Simulate control" sid="213543536976063" type="enemy1">
                    <param id="0" name="Control">1</param>
                </action>
                <action id="7" name="Set mirrored" sid="704713665254183" type="enemy1">
                    <param id="0" name="State">1</param>
                </action>
            </actions>
        </event-block>
        <event-block sid="497730425530022">
            <conditions>
                <condition id="-7" name="Compare instance variable" sid="367320642229120" type="enemy1">
                    <param id="0" name="Instance variable">direction</param>
                    <param id="1" name="Comparison">0</param>
                    <param id="2" name="Value">&quot;left&quot;</param>
                </condition>
            </conditions>
            <actions>
                <action behavior="Platform" id="7" name="Simulate control" sid="624327531594138" type="enemy1">
                    <param id="0" name="Control">0</param>
                </action>
                <action id="7" name="Set mirrored" sid="696853422933549" type="enemy1">
                    <param id="0" name="State">0</param>
                </action>
            </actions>
        </event-block>
        <event-block sid="442375879711908">
            <conditions>
                <condition id="-7" name="Compare instance variable" sid="169254306763717" type="enemy2">
                    <param id="0" name="Instance variable">direction</param>
                    <param id="1" name="Comparison">0</param>
                    <param id="2" name="Value">&quot;right&quot;</param>
                </condition>
            </conditions>
            <actions>
                <action behavior="Platform" id="7" name="Simulate control" sid="421513811270842" type="enemy2">
                    <param id="0" name="Control">1</param>
                </action>
                <action id="7" name="Set mirrored" sid="941994467403203" type="enemy2">
                    <param id="0" name="State">1</param>
                </action>
            </actions>
        </event-block>
        <event-block sid="834675354265051">
            <conditions>
                <condition id="-7" name="Compare instance variable" sid="179369569102292" type="enemy2">
                    <param id="0" name="Instance variable">direction</param>
                    <param id="1" name="Comparison">0</param>
                    <param id="2" name="Value">&quot;left&quot;</param>
                </condition>
            </conditions>
            <actions>
                <action behavior="Platform" id="7" name="Simulate control" sid="853701163292446" type="enemy2">
                    <param id="0" name="Control">0</param>
                </action>
                <action id="7" name="Set mirrored" sid="278328661214255" type="enemy2">
                    <param id="0" name="State">0</param>
                </action>
            </actions>
        </event-block>
        <event-block sid="588252611134803">
            <conditions>
                <condition id="-7" name="Compare instance variable" sid="923945152817313" type="enemy3">
                    <param id="0" name="Instance variable">direction</param>
                    <param id="1" name="Comparison">0</param>
                    <param id="2" name="Value">&quot;right&quot;</param>
                </condition>
            </conditions>
            <actions>
                <action behavior="Platform" id="7" name="Simulate control" sid="115782522800188" type="enemy3">
                    <param id="0" name="Control">1</param>
                </action>
                <action id="7" name="Set mirrored" sid="618755741155255" type="enemy3">
                    <param id="0" name="State">1</param>
                </action>
            </actions>
        </event-block>
        <event-block sid="449968253164281">
            <conditions>
                <condition id="-7" name="Compare instance variable" sid="270387319498440" type="enemy3">
                    <param id="0" name="Instance variable">direction</param>
                    <param id="1" name="Comparison">0</param>
                    <param id="2" name="Value">&quot;left&quot;</param>
                </condition>
            </conditions>
            <actions>
                <action behavior="Platform" id="7" name="Simulate control" sid="135226093596350" type="enemy3">
                    <param id="0" name="Control">0</param>
                </action>
                <action id="7" name="Set mirrored" sid="618781406501924" type="enemy3">
                    <param id="0" name="State">0</param>
                </action>
            </actions>
        </event-block>
        <event-block sid="696280914291875">
            <conditions>
                <condition id="-7" name="Compare instance variable" sid="620698334330271" type="enemy4">
                    <param id="0" name="Instance variable">direction</param>
                    <param id="1" name="Comparison">0</param>
                    <param id="2" name="Value">&quot;right&quot;</param>
                </condition>
            </conditions>
            <actions>
                <action behavior="Platform" id="7" name="Simulate control" sid="770455751717465" type="enemy4">
                    <param id="0" name="Control">1</param>
                </action>
                <action id="7" name="Set mirrored" sid="333523182018284" type="enemy4">
                    <param id="0" name="State">1</param>
                </action>
            </actions>
        </event-block>
        <event-block sid="944815333472448">
            <conditions>
                <condition id="-7" name="Compare instance variable" sid="258112770883357" type="enemy4">
                    <param id="0" name="Instance variable">direction</param>
                    <param id="1" name="Comparison">0</param>
                    <param id="2" name="Value">&quot;left&quot;</param>
                </condition>
            </conditions>
            <actions>
                <action behavior="Platform" id="7" name="Simulate control" sid="957788192909195" type="enemy4">
                    <param id="0" name="Control">0</param>
                </action>
                <action id="7" name="Set mirrored" sid="170791966415469" type="enemy4">
                    <param id="0" name="State">0</param>
                </action>
            </actions>
        </event-block>
        <event-block sid="597198948416440">
            <conditions>
                <condition id="-7" name="Compare instance variable" sid="720588025714995" type="enemy5">
                    <param id="0" name="Instance variable">direction</param>
                    <param id="1" name="Comparison">0</param>
                    <param id="2" name="Value">&quot;right&quot;</param>
                </condition>
            </conditions>
            <actions>
                <action behavior="Platform" id="7" name="Simulate control" sid="445493699441229" type="enemy5">
                    <param id="0" name="Control">1</param>
                </action>
                <action id="7" name="Set mirrored" sid="875446314484540" type="enemy5">
                    <param id="0" name="State">1</param>
                </action>
            </actions>
        </event-block>
        <event-block sid="469221177081810">
            <conditions>
                <condition id="-7" name="Compare instance variable" sid="619891321935674" type="enemy5">
                    <param id="0" name="Instance variable">direction</param>
                    <param id="1" name="Comparison">0</param>
                    <param id="2" name="Value">&quot;left&quot;</param>
                </condition>
            </conditions>
            <actions>
                <action behavior="Platform" id="7" name="Simulate control" sid="411495658463629" type="enemy5">
                    <param id="0" name="Control">0</param>
                </action>
                <action id="7" name="Set mirrored" sid="295813638080535" type="enemy5">
                    <param id="0" name="State">0</param>
                </action>
            </actions>
        </event-block>
        <event-block sid="474820438189519">
            <conditions>
                <condition id="0" name="On collision with another object" sid="690423762861987" type="enemies">
                    <param id="0" name="Object">enemybarrier</param>
                </condition>
            </conditions>
            <actions />
            <sub-events>
                <event-block sid="855617438921789">
                    <conditions>
                        <condition id="-7" name="Compare instance variable" sid="501598316100874" type="enemies">
                            <param id="0" name="Instance variable">direction</param>
                            <param id="1" name="Comparison">0</param>
                            <param id="2" name="Value">&quot;right&quot;</param>
                        </condition>
                    </conditions>
                    <actions>
                        <action id="-10" name="Set value" sid="252311911657023" type="enemies">
                            <param id="0" name="Instance variable">direction</param>
                            <param id="1" name="Value">&quot;left&quot;</param>
                        </action>
                    </actions>
                </event-block>
                <event-block sid="452056993869505">
                    <conditions>
                        <condition id="-22" name="Else" sid="143926041898098" type="System" />
                    </conditions>
                    <actions>
                        <action id="-10" name="Set value" sid="795885058773556" type="enemies">
                            <param id="0" name="Instance variable">direction</param>
                            <param id="1" name="Value">&quot;right&quot;</param>
                        </action>
                    </actions>
                </event-block>
            </sub-events>
        </event-block>
        <comment>Hero meets enemy</comment>
        <event-block sid="222738602022397">
            <conditions>
                <condition id="0" name="On collision with another object" sid="172103387476771" type="hero_shadow">
                    <param id="0" name="Object">enemy1</param>
                </condition>
            </conditions>
            <actions />
            <sub-events>
                <event-block sid="401710363461400">
                    <conditions>
                        <condition behavior="Platform" id="4" name="Is falling" sid="498294769688702" type="hero_shadow" />
                    </conditions>
                    <actions>
                        <action behavior="Platform" id="11" name="Set enabled" sid="135376526918056" type="enemy1">
                            <param id="0" name="State">0</param>
                        </action>
                        <action id="4" name="Set animation" sid="706842106875710" type="enemy1">
                            <param id="0" name="Animation">&quot;dying&quot;</param>
                            <param id="1" name="From">1</param>
                        </action>
                        <action behavior="Platform" id="9" name="Set vector Y" sid="869453176252414" type="hero_shadow">
                            <param id="0" name="Vector Y">-600</param>
                        </action>
                        <action id="-16" name="Wait" sid="859310034830529" type="System">
                            <param id="0" name="Seconds">0.7</param>
                        </action>
                        <action id="-9" name="Destroy" sid="527792314134288" type="enemy1" />
                    </actions>
                </event-block>
                <event-block sid="563358871626128">
                    <conditions>
                        <condition id="-22" name="Else" sid="210411345032043" type="System" />
                    </conditions>
                    <actions>
                        <action id="0" name="Play" sid="741334516711998" type="Audio">
                            <param id="0" name="Audio file">stab_knife_02</param>
                            <param id="2" name="Loop">0</param>
                            <param id="3" name="Volume">0</param>
                            <param id="1" name="Tag (optional)">&quot;sound&quot;</param>
                        </action>
                        <action behavior="Flash" id="0" name="Flash" sid="818053231862139" type="hero">
                            <param id="0" name="&apos;On&apos; time">0.1</param>
                            <param id="1" name="&apos;Off&apos; time">0.1</param>
                            <param id="2" name="Duration">1.0</param>
                        </action>
                        <action id="-12" name="Subtract from" sid="900418754470718" type="hero">
                            <param id="0" name="Instance variable">health</param>
                            <param id="1" name="Value">10</param>
                        </action>
                        <action id="3" name="Set progress" sid="258944790888551" type="BarProgress">
                            <param id="0" name="Value">hero.health</param>
                        </action>
                    </actions>
                </event-block>
            </sub-events>
        </event-block>
        <event-block sid="122056900499409">
            <conditions>
                <condition id="0" name="On collision with another object" sid="514625614709652" type="hero_shadow">
                    <param id="0" name="Object">enemy2</param>
                </condition>
            </conditions>
            <actions />
            <sub-events>
                <event-block sid="541297293023505">
                    <conditions>
                        <condition behavior="Platform" id="4" name="Is falling" sid="707313694186086" type="hero_shadow" />
                    </conditions>
                    <actions>
                        <action behavior="Platform" id="11" name="Set enabled" sid="995841223580079" type="enemy2">
                            <param id="0" name="State">0</param>
                        </action>
                        <action id="4" name="Set animation" sid="760492798615520" type="enemy2">
                            <param id="0" name="Animation">&quot;dying&quot;</param>
                            <param id="1" name="From">1</param>
                        </action>
                        <action behavior="Platform" id="9" name="Set vector Y" sid="657371713824176" type="hero_shadow">
                            <param id="0" name="Vector Y">-600</param>
                        </action>
                        <action id="-16" name="Wait" sid="689498698170938" type="System">
                            <param id="0" name="Seconds">0.7</param>
                        </action>
                        <action id="-9" name="Destroy" sid="821780403786540" type="enemy2" />
                    </actions>
                </event-block>
                <event-block sid="356740922067420">
                    <conditions>
                        <condition id="-22" name="Else" sid="846760796834286" type="System" />
                    </conditions>
                    <actions>
                        <action id="0" name="Play" sid="814005484927198" type="Audio">
                            <param id="0" name="Audio file">stab_knife_02</param>
                            <param id="2" name="Loop">0</param>
                            <param id="3" name="Volume">0</param>
                            <param id="1" name="Tag (optional)">&quot;sound&quot;</param>
                        </action>
                        <action behavior="Flash" id="0" name="Flash" sid="124308536245001" type="hero">
                            <param id="0" name="&apos;On&apos; time">0.1</param>
                            <param id="1" name="&apos;Off&apos; time">0.1</param>
                            <param id="2" name="Duration">1.0</param>
                        </action>
                        <action id="-12" name="Subtract from" sid="148386579730975" type="hero">
                            <param id="0" name="Instance variable">health</param>
                            <param id="1" name="Value">10</param>
                        </action>
                        <action id="3" name="Set progress" sid="139231301747153" type="BarProgress">
                            <param id="0" name="Value">hero.health</param>
                        </action>
                    </actions>
                </event-block>
            </sub-events>
        </event-block>
        <event-block sid="771315804164319">
            <conditions>
                <condition id="0" name="On collision with another object" sid="849049952791340" type="hero_shadow">
                    <param id="0" name="Object">enemy3</param>
                </condition>
            </conditions>
            <actions />
            <sub-events>
                <event-block sid="588218447183389">
                    <conditions>
                        <condition behavior="Platform" id="4" name="Is falling" sid="100335056482417" type="hero_shadow" />
                    </conditions>
                    <actions>
                        <action behavior="Platform" id="11" name="Set enabled" sid="961384448769996" type="enemy3">
                            <param id="0" name="State">0</param>
                        </action>
                        <action id="4" name="Set animation" sid="502098268566896" type="enemy3">
                            <param id="0" name="Animation">&quot;dying&quot;</param>
                            <param id="1" name="From">1</param>
                        </action>
                        <action behavior="Platform" id="9" name="Set vector Y" sid="516413954786862" type="hero_shadow">
                            <param id="0" name="Vector Y">-600</param>
                        </action>
                        <action id="-16" name="Wait" sid="546755322800391" type="System">
                            <param id="0" name="Seconds">0.7</param>
                        </action>
                        <action id="-9" name="Destroy" sid="983109324149655" type="enemy3" />
                    </actions>
                </event-block>
                <event-block sid="497291861990442">
                    <conditions>
                        <condition id="-22" name="Else" sid="349860709081351" type="System" />
                    </conditions>
                    <actions>
                        <action id="0" name="Play" sid="288285825047867" type="Audio">
                            <param id="0" name="Audio file">stab_knife_02</param>
                            <param id="2" name="Loop">0</param>
                            <param id="3" name="Volume">0</param>
                            <param id="1" name="Tag (optional)">&quot;sound&quot;</param>
                        </action>
                        <action behavior="Flash" id="0" name="Flash" sid="711329936778756" type="hero">
                            <param id="0" name="&apos;On&apos; time">0.1</param>
                            <param id="1" name="&apos;Off&apos; time">0.1</param>
                            <param id="2" name="Duration">1.0</param>
                        </action>
                        <action id="-12" name="Subtract from" sid="148309366150805" type="hero">
                            <param id="0" name="Instance variable">health</param>
                            <param id="1" name="Value">10</param>
                        </action>
                        <action id="3" name="Set progress" sid="599703750546924" type="BarProgress">
                            <param id="0" name="Value">hero.health</param>
                        </action>
                    </actions>
                </event-block>
            </sub-events>
        </event-block>
        <event-block sid="208985178034722">
            <conditions>
                <condition id="0" name="On collision with another object" sid="240430351933680" type="hero_shadow">
                    <param id="0" name="Object">enemy4</param>
                </condition>
            </conditions>
            <actions />
            <sub-events>
                <event-block sid="673481936843848">
                    <conditions>
                        <condition behavior="Platform" id="4" name="Is falling" sid="483111832081376" type="hero_shadow" />
                    </conditions>
                    <actions>
                        <action behavior="Platform" id="11" name="Set enabled" sid="986903011732174" type="enemy4">
                            <param id="0" name="State">0</param>
                        </action>
                        <action id="4" name="Set animation" sid="600857432439712" type="enemy4">
                            <param id="0" name="Animation">&quot;dying&quot;</param>
                            <param id="1" name="From">1</param>
                        </action>
                        <action behavior="Platform" id="9" name="Set vector Y" sid="112755249371007" type="hero_shadow">
                            <param id="0" name="Vector Y">-600</param>
                        </action>
                        <action id="-16" name="Wait" sid="451174860933469" type="System">
                            <param id="0" name="Seconds">0.7</param>
                        </action>
                        <action id="-9" name="Destroy" sid="616790501257057" type="enemy4" />
                    </actions>
                </event-block>
                <event-block sid="664477949260672">
                    <conditions>
                        <condition id="-22" name="Else" sid="381638873797452" type="System" />
                    </conditions>
                    <actions>
                        <action id="0" name="Play" sid="159206345304715" type="Audio">
                            <param id="0" name="Audio file">stab_knife_02</param>
                            <param id="2" name="Loop">0</param>
                            <param id="3" name="Volume">0</param>
                            <param id="1" name="Tag (optional)">&quot;sound&quot;</param>
                        </action>
                        <action behavior="Flash" id="0" name="Flash" sid="127089773063601" type="hero">
                            <param id="0" name="&apos;On&apos; time">0.1</param>
                            <param id="1" name="&apos;Off&apos; time">0.1</param>
                            <param id="2" name="Duration">1.0</param>
                        </action>
                        <action id="-12" name="Subtract from" sid="364173028344794" type="hero">
                            <param id="0" name="Instance variable">health</param>
                            <param id="1" name="Value">10</param>
                        </action>
                        <action id="3" name="Set progress" sid="706481898648026" type="BarProgress">
                            <param id="0" name="Value">hero.health</param>
                        </action>
                    </actions>
                </event-block>
            </sub-events>
        </event-block>
        <event-block sid="563520230893748">
            <conditions>
                <condition id="0" name="On collision with another object" sid="499651156840373" type="hero_shadow">
                    <param id="0" name="Object">enemy5</param>
                </condition>
            </conditions>
            <actions />
            <sub-events>
                <event-block sid="383001642456881">
                    <conditions>
                        <condition behavior="Platform" id="4" name="Is falling" sid="895184740407880" type="hero_shadow" />
                    </conditions>
                    <actions>
                        <action behavior="Platform" id="11" name="Set enabled" sid="645012096996661" type="enemy5">
                            <param id="0" name="State">0</param>
                        </action>
                        <action id="4" name="Set animation" sid="658494591180755" type="enemy5">
                            <param id="0" name="Animation">&quot;dying&quot;</param>
                            <param id="1" name="From">1</param>
                        </action>
                        <action behavior="Platform" id="9" name="Set vector Y" sid="869866143994816" type="hero_shadow">
                            <param id="0" name="Vector Y">-600</param>
                        </action>
                        <action id="-16" name="Wait" sid="227533009140742" type="System">
                            <param id="0" name="Seconds">0.7</param>
                        </action>
                        <action id="-9" name="Destroy" sid="832952197752169" type="enemy5" />
                    </actions>
                </event-block>
                <event-block sid="772721501482542">
                    <conditions>
                        <condition id="-22" name="Else" sid="467852541826582" type="System" />
                    </conditions>
                    <actions>
                        <action id="0" name="Play" sid="502988289104117" type="Audio">
                            <param id="0" name="Audio file">stab_knife_02</param>
                            <param id="2" name="Loop">0</param>
                            <param id="3" name="Volume">0</param>
                            <param id="1" name="Tag (optional)">&quot;sound&quot;</param>
                        </action>
                        <action behavior="Flash" id="0" name="Flash" sid="852209964644710" type="hero">
                            <param id="0" name="&apos;On&apos; time">0.1</param>
                            <param id="1" name="&apos;Off&apos; time">0.1</param>
                            <param id="2" name="Duration">1.0</param>
                        </action>
                        <action id="-12" name="Subtract from" sid="860943212549746" type="hero">
                            <param id="0" name="Instance variable">health</param>
                            <param id="1" name="Value">10</param>
                        </action>
                        <action id="3" name="Set progress" sid="948879063094542" type="BarProgress">
                            <param id="0" name="Value">hero.health</param>
                        </action>
                    </actions>
                </event-block>
            </sub-events>
        </event-block>
        <comment>Throwing rocks at hero</comment>
        <event-block sid="854381781226603">
            <conditions>
                <condition behavior="LineOfSight" id="0" name="Has LOS to object" sid="748953558139932" type="enemy1">
                    <param id="0" name="Object">hero_shadow</param>
                </condition>
            </conditions>
            <actions />
            <sub-events>
                <event-block sid="992388783222125">
                    <conditions>
                        <condition id="-1" name="Compare X" sid="777577156260937" type="hero_shadow">
                            <param id="0" name="Comparison">4</param>
                            <param id="1" name="X co-ordinate">enemy1.X</param>
                        </condition>
                        <condition id="-6" name="Every X seconds" sid="244082903333470" type="System">
                            <param id="0" name="Interval (seconds)">0.6</param>
                        </condition>
                    </conditions>
                    <actions>
                        <action id="4" name="Set animation" sid="505278125657424" type="enemy1">
                            <param id="0" name="Animation">&quot;attack&quot;</param>
                            <param id="1" name="From">1</param>
                        </action>
                        <action id="0" name="Spawn another object" sid="645763143826335" type="enemy1">
                            <param id="0" name="Object">rock</param>
                            <param id="1" name="Layer">&quot;game&quot;</param>
                            <param id="2" name="Image point">0</param>
                        </action>
                        <action id="-22" name="Set angle toward position" sid="422440720273366" type="rock">
                            <param id="0" name="X">hero.X</param>
                            <param id="1" name="Y">hero.Y</param>
                        </action>
                    </actions>
                </event-block>
                <event-block sid="532039294895862">
                    <conditions>
                        <condition id="-1" name="Compare X" sid="835788544267705" type="hero_shadow">
                            <param id="0" name="Comparison">2</param>
                            <param id="1" name="X co-ordinate">enemy1.X</param>
                        </condition>
                        <condition id="-6" name="Every X seconds" sid="540677878893403" type="System">
                            <param id="0" name="Interval (seconds)">0.6</param>
                        </condition>
                    </conditions>
                    <actions>
                        <action id="4" name="Set animation" sid="706016604966763" type="enemy1">
                            <param id="0" name="Animation">&quot;attack&quot;</param>
                            <param id="1" name="From">1</param>
                        </action>
                        <action id="0" name="Spawn another object" sid="346599982191145" type="enemy1">
                            <param id="0" name="Object">rock</param>
                            <param id="1" name="Layer">&quot;game&quot;</param>
                            <param id="2" name="Image point">0</param>
                        </action>
                        <action id="-22" name="Set angle toward position" sid="104699235725477" type="rock">
                            <param id="0" name="X">hero.X</param>
                            <param id="1" name="Y">hero.Y</param>
                        </action>
                    </actions>
                </event-block>
            </sub-events>
        </event-block>
        <event-block sid="135884479847487">
            <conditions>
                <condition id="0" name="On collision with another object" sid="583774497115912" type="rock">
                    <param id="0" name="Object">hero_shadow</param>
                </condition>
            </conditions>
            <actions>
                <action id="0" name="Play" sid="292983316895926" type="Audio">
                    <param id="0" name="Audio file">ouch1</param>
                    <param id="2" name="Loop">0</param>
                    <param id="3" name="Volume">0</param>
                    <param id="1" name="Tag (optional)">&quot;sound&quot;</param>
                </action>
                <action behavior="Flash" id="0" name="Flash" sid="900895346458371" type="hero">
                    <param id="0" name="&apos;On&apos; time">0.1</param>
                    <param id="1" name="&apos;Off&apos; time">0.1</param>
                    <param id="2" name="Duration">0.5</param>
                </action>
                <action id="-12" name="Subtract from" sid="509166026268997" type="hero">
                    <param id="0" name="Instance variable">health</param>
                    <param id="1" name="Value">5</param>
                </action>
                <action id="3" name="Set progress" sid="375501020000063" type="BarProgress">
                    <param id="0" name="Value">hero.health</param>
                </action>
                <action id="-9" name="Destroy" sid="696265216949764" type="rock" />
            </actions>
        </event-block>
        <event-block sid="901663754079037">
            <conditions>
                <condition id="-4" name="Is outside layout" sid="449610545222343" type="rock" />
            </conditions>
            <actions>
                <action id="-9" name="Destroy" sid="186388235120227" type="rock" />
            </actions>
        </event-block>
        <comment>hero meets spikes</comment>
        <event-block sid="536298436530786">
            <conditions>
                <condition id="0" name="On collision with another object" sid="135791919624780" type="hero">
                    <param id="0" name="Object">spikes</param>
                </condition>
            </conditions>
            <actions>
                <action id="0" name="Play" sid="501731080948258" type="Audio">
                    <param id="0" name="Audio file">ouch1</param>
                    <param id="2" name="Loop">0</param>
                    <param id="3" name="Volume">0</param>
                    <param id="1" name="Tag (optional)">&quot;sound&quot;</param>
                </action>
                <action behavior="Flash" id="0" name="Flash" sid="471943210791005" type="hero">
                    <param id="0" name="&apos;On&apos; time">0.1</param>
                    <param id="1" name="&apos;Off&apos; time">0.1</param>
                    <param id="2" name="Duration">1.0</param>
                </action>
                <action id="-12" name="Subtract from" sid="365266709105443" type="hero">
                    <param id="0" name="Instance variable">health</param>
                    <param id="1" name="Value">5</param>
                </action>
                <action id="3" name="Set progress" sid="180126025475600" type="BarProgress">
                    <param id="0" name="Value">hero.health</param>
                </action>
            </actions>
        </event-block>
        <comment>hero shoots boxes</comment>
        <event-block sid="742353054823163">
            <conditions>
                <condition id="0" name="On collision with another object" sid="312857279843719" type="bullet">
                    <param id="0" name="Object">box</param>
                </condition>
            </conditions>
            <actions>
                <action id="0" name="Play" sid="702875115143276" type="Audio">
                    <param id="0" name="Audio file">explosion10</param>
                    <param id="2" name="Loop">0</param>
                    <param id="3" name="Volume">0</param>
                    <param id="1" name="Tag (optional)">&quot;sound&quot;</param>
                </action>
                <action id="0" name="Spawn another object" sid="153736371026330" type="box">
                    <param id="0" name="Object">explode_box</param>
                    <param id="1" name="Layer">1</param>
                    <param id="2" name="Image point">0</param>
                </action>
                <action id="-8" name="Set angle" sid="903299766418253" type="explode_box">
                    <param id="0" name="Angle">270</param>
                </action>
                <action id="-9" name="Destroy" sid="537628342102581" type="box" />
                <action id="-9" name="Destroy" sid="955628383182280" type="bullet" />
            </actions>
        </event-block>
        <comment>hero obtains keys </comment>
        <event-block sid="764777145084453">
            <conditions>
                <condition id="1" name="Is overlapping another object" sid="515067233270546" type="hero_shadow">
                    <param id="0" name="Object">key3</param>
                </condition>
            </conditions>
            <actions>
                <action id="5" name="Set frame" sid="716079849813091" type="key1">
                    <param id="0" name="Frame number">1</param>
                </action>
                <action id="-9" name="Destroy" sid="758305899458015" type="key3" />
                <action id="-9" name="Set value" sid="185190011912988" type="System">
                    <param id="0" name="Variable">Key1</param>
                    <param id="1" name="Value">1</param>
                </action>
            </actions>
        </event-block>
        <event-block sid="400896805705623">
            <conditions>
                <condition id="1" name="Is overlapping another object" sid="178645279936280" type="hero_shadow">
                    <param id="0" name="Object">key4</param>
                </condition>
            </conditions>
            <actions>
                <action id="5" name="Set frame" sid="223041521650406" type="key2">
                    <param id="0" name="Frame number">1</param>
                </action>
                <action id="-9" name="Destroy" sid="970261746001537" type="key4" />
                <action id="-9" name="Set value" sid="896528348794464" type="System">
                    <param id="0" name="Variable">Key2</param>
                    <param id="1" name="Value">1</param>
                </action>
            </actions>
        </event-block>
        <event-block sid="884467674139201">
            <conditions>
                <condition id="-14" name="Compare variable" sid="202907534931513" type="System">
                    <param id="0" name="Variable">Key1</param>
                    <param id="1" name="Comparison">0</param>
                    <param id="2" name="Value">1</param>
                </condition>
                <condition id="-14" name="Compare variable" sid="966536523798683" type="System">
                    <param id="0" name="Variable">Key2</param>
                    <param id="1" name="Comparison">0</param>
                    <param id="2" name="Value">1</param>
                </condition>
            </conditions>
            <actions>
                <action id="5" name="Set frame" sid="248188333503521" type="flag">
                    <param id="0" name="Frame number">1</param>
                </action>
                <action id="-9" name="Set value" sid="660857908566091" type="System">
                    <param id="0" name="Variable">gate</param>
                    <param id="1" name="Value">1</param>
                </action>
            </actions>
        </event-block>
        <event-block sid="704366189413645">
            <conditions>
                <condition id="-14" name="Compare variable" sid="382195112084532" type="System">
                    <param id="0" name="Variable">gate</param>
                    <param id="1" name="Comparison">0</param>
                    <param id="2" name="Value">1</param>
                </condition>
            </conditions>
            <actions />
            <sub-events>
                <event-block sid="886078167989360">
                    <conditions>
                        <condition id="0" name="On collision with another object" sid="703267551296452" type="hero_shadow">
                            <param id="0" name="Object">flag</param>
                        </condition>
                    </conditions>
                    <actions>
                        <action behavior="Platform" id="11" name="Set enabled" sid="209034206027421" type="hero">
                            <param id="0" name="State">0</param>
                        </action>
                        <action behavior="Platform" id="11" name="Set enabled" sid="632944128464443" type="hero_shadow">
                            <param id="0" name="State">0</param>
                        </action>
                        <action id="-4" name="Set layer visible" sid="392956854111187" type="System">
                            <param id="0" name="Layer">&quot;complete&quot;</param>
                            <param id="1" name="Visibility">1</param>
                        </action>
                        <action id="-9" name="Set value" sid="311972396669679" type="System">
                            <param id="0" name="Variable">Pause</param>
                            <param id="1" name="Value">0</param>
                        </action>
                    </actions>
                    <sub-events>
                        <event-block sid="654397195729666">
                            <conditions>
                                <condition id="-14" name="Compare variable" sid="490002360078873" type="System">
                                    <param id="0" name="Variable">Score</param>
                                    <param id="1" name="Comparison">5</param>
                                    <param id="2" name="Value">75</param>
                                </condition>
                            </conditions>
                            <actions>
                                <action id="5" name="Set frame" sid="833507262115408" type="score_header">
                                    <param id="0" name="Frame number">1</param>
                                </action>
                                <action id="0" name="Spawn another object" sid="421648843444797" type="tool">
                                    <param id="0" name="Object">particles</param>
                                    <param id="1" name="Layer">&quot;complete&quot;</param>
                                    <param id="2" name="Image point">0</param>
                                </action>
                                <action id="-8" name="Set angle" sid="568582592581300" type="particles">
                                    <param id="0" name="Angle">270</param>
                                </action>
                                <action id="5" name="Set frame" sid="796794816739488" type="score">
                                    <param id="0" name="Frame number">3</param>
                                </action>
                            </actions>
                        </event-block>
                        <event-block sid="268527880299007">
                            <conditions>
                                <condition id="-14" name="Compare variable" sid="922097834201793" type="System">
                                    <param id="0" name="Variable">Score</param>
                                    <param id="1" name="Comparison">2</param>
                                    <param id="2" name="Value">75</param>
                                </condition>
                                <condition id="-14" name="Compare variable" sid="994025268581496" type="System">
                                    <param id="0" name="Variable">Score</param>
                                    <param id="1" name="Comparison">5</param>
                                    <param id="2" name="Value">60</param>
                                </condition>
                            </conditions>
                            <actions>
                                <action id="5" name="Set frame" sid="443535005562929" type="score_header">
                                    <param id="0" name="Frame number">1</param>
                                </action>
                                <action id="5" name="Set frame" sid="857595482399814" type="score">
                                    <param id="0" name="Frame number">2</param>
                                </action>
                                <action id="-2" name="Go to layout" sid="895451428042577" type="System">
                                    <param id="0" name="Layout">stage3</param>
                                </action>
                            </actions>
                            <sub-events>
                                <event-block sid="388820330188040">
                                    <conditions>
                                        <condition id="4" name="Is touching object" sid="790887093615907" type="Touch">
                                            <param id="0" name="Object">btnnext</param>
                                        </condition>
                                    </conditions>
                                    <actions>
                                        <action id="-2" name="Go to layout" sid="512415390749826" type="System">
                                            <param id="0" name="Layout">stage2</param>
                                        </action>
                                    </actions>
                                </event-block>
                            </sub-events>
                        </event-block>
                        <event-block sid="290473996153908">
                            <conditions>
                                <condition id="-14" name="Compare variable" sid="697796994713553" type="System">
                                    <param id="0" name="Variable">Score</param>
                                    <param id="1" name="Comparison">2</param>
                                    <param id="2" name="Value">60</param>
                                </condition>
                                <condition id="-14" name="Compare variable" sid="896488749072211" type="System">
                                    <param id="0" name="Variable">Score</param>
                                    <param id="1" name="Comparison">5</param>
                                    <param id="2" name="Value">45</param>
                                </condition>
                            </conditions>
                            <actions>
                                <action id="5" name="Set frame" sid="953324923606258" type="score_header">
                                    <param id="0" name="Frame number">1</param>
                                </action>
                                <action id="5" name="Set frame" sid="480731584114815" type="score">
                                    <param id="0" name="Frame number">1</param>
                                </action>
                            </actions>
                            <sub-events>
                                <event-block sid="789377517502230">
                                    <conditions>
                                        <condition id="4" name="Is touching object" sid="168054670113098" type="Touch">
                                            <param id="0" name="Object">btnnext</param>
                                        </condition>
                                    </conditions>
                                    <actions>
                                        <action id="-26" name="Restart layout" sid="521850701855344" type="System" />
                                    </actions>
                                </event-block>
                            </sub-events>
                        </event-block>
                        <event-block sid="481143926480015">
                            <conditions>
                                <condition id="-14" name="Compare variable" sid="715533699360566" type="System">
                                    <param id="0" name="Variable">Score</param>
                                    <param id="1" name="Comparison">2</param>
                                    <param id="2" name="Value">45</param>
                                </condition>
                            </conditions>
                            <actions>
                                <action id="5" name="Set frame" sid="311556962555213" type="score_header">
                                    <param id="0" name="Frame number">0</param>
                                </action>
                            </actions>
                            <sub-events>
                                <event-block sid="402703586599024">
                                    <conditions>
                                        <condition id="4" name="Is touching object" sid="120038930587226" type="Touch">
                                            <param id="0" name="Object">btnnext</param>
                                        </condition>
                                    </conditions>
                                    <actions>
                                        <action id="-26" name="Restart layout" sid="259096976728376" type="System" />
                                    </actions>
                                </event-block>
                            </sub-events>
                        </event-block>
                    </sub-events>
                </event-block>
            </sub-events>
        </event-block>
        <event-block sid="235453870430426">
            <conditions>
                <condition id="3" name="On touched object" sid="132781774903260" type="Touch">
                    <param id="0" name="Object">btnOut1</param>
                </condition>
            </conditions>
            <actions>
                <action id="-2" name="Go to layout" sid="507966668242619" type="System">
                    <param id="0" name="Layout">menu</param>
                </action>
            </actions>
        </event-block>
        <event-block sid="294218022170299">
            <conditions>
                <condition id="3" name="On touched object" sid="215403702980916" type="Touch">
                    <param id="0" name="Object">btnnext</param>
                </condition>
            </conditions>
            <actions>
                <action id="-2" name="Go to layout" sid="241918537595491" type="System">
                    <param id="0" name="Layout">levels</param>
                </action>
            </actions>
        </event-block>
    </events>
</c2eventsheet>
