﻿<?xml version="1.0" encoding="utf-8" ?>
<c2eventsheet>
    <!--All the 'name' attributes are ignored by Construct 2 - they are there for readability only.-->
    <name>e_stage3</name>
    <events>
        <include>e_music</include>
        <include>es_menu</include>
        <include>e_movement</include>
        <event-block sid="572707592450608">
            <conditions>
                <condition id="-2" name="On start of layout" sid="131902617494737" type="System" />
            </conditions>
            <actions>
                <action id="0" name="Play" sid="640784644404289" type="Audio">
                    <param id="0" name="Audio file">Loop</param>
                    <param id="2" name="Loop">0</param>
                    <param id="3" name="Volume">-10</param>
                    <param id="1" name="Tag (optional)">&quot;music&quot;</param>
                </action>
                <action id="-9" name="Set value" sid="518367747716173" type="System">
                    <param id="0" name="Variable">Score</param>
                    <param id="1" name="Value">0</param>
                </action>
                <action id="-4" name="Set layer visible" sid="849910139261238" type="System">
                    <param id="0" name="Layer">&quot;gameover&quot;</param>
                    <param id="1" name="Visibility">0</param>
                </action>
                <action id="-4" name="Set layer visible" sid="223842918168226" type="System">
                    <param id="0" name="Layer">&quot;pause&quot;</param>
                    <param id="1" name="Visibility">0</param>
                </action>
                <action id="-4" name="Set layer visible" sid="473387321076714" type="System">
                    <param id="0" name="Layer">&quot;complete&quot;</param>
                    <param id="1" name="Visibility">0</param>
                </action>
                <action behavior="Pin" id="0" name="Pin to object" sid="201422223314376" type="hero">
                    <param id="0" name="Pin to">hero_shadow</param>
                    <param id="1" name="Mode">1</param>
                </action>
                <action id="4" name="Set animation" sid="858020619287303" type="hero">
                    <param id="0" name="Animation">&quot;idle&quot;</param>
                    <param id="1" name="From">1</param>
                </action>
                <action id="1" name="Set visible" sid="174200301672956" type="BarProgress">
                    <param id="0" name="Visibility">1</param>
                </action>
                <action id="3" name="Set progress" sid="156457472959370" type="BarProgress">
                    <param id="0" name="Value">hero.health</param>
                </action>
                <action id="0" name="Set text" sid="723421005489133" type="ScoreText">
                    <param id="0" name="Text">&quot;x &quot;&amp;Score</param>
                </action>
                <action id="4" name="Set animation" sid="182074625174769" type="enemies">
                    <param id="0" name="Animation">&quot;walk&quot;</param>
                    <param id="1" name="From">1</param>
                </action>
                <action id="-9" name="Set value" sid="376566569144726" type="System">
                    <param id="0" name="Variable">Pause</param>
                    <param id="1" name="Value">1</param>
                </action>
                <action id="-9" name="Set value" sid="119576240920535" type="System">
                    <param id="0" name="Variable">enemyDestroy</param>
                    <param id="1" name="Value">0</param>
                </action>
                <action id="-9" name="Set value" sid="491877594721896" type="System">
                    <param id="0" name="Variable">gate</param>
                    <param id="1" name="Value">0</param>
                </action>
                <action id="5" name="Set frame" sid="686877784650668" type="flag">
                    <param id="0" name="Frame number">0</param>
                </action>
            </actions>
            <sub-events>
                <event-block sid="787600690390717">
                    <conditions>
                        <condition id="-14" name="Compare variable" sid="654476545374368" type="System">
                            <param id="0" name="Variable">Pause</param>
                            <param id="1" name="Comparison">0</param>
                            <param id="2" name="Value">1</param>
                        </condition>
                    </conditions>
                    <actions>
                        <action id="-13" name="Set time scale" sid="407481933902594" type="System">
                            <param id="0" name="Time scale">1</param>
                        </action>
                        <action id="-4" name="Set layer visible" sid="387020846525810" type="System">
                            <param id="0" name="Layer">&quot;pause&quot;</param>
                            <param id="1" name="Visibility">0</param>
                        </action>
                        <action id="-9" name="Set value" sid="429209963143876" type="System">
                            <param id="0" name="Variable">Pause</param>
                            <param id="1" name="Value">0</param>
                        </action>
                    </actions>
                </event-block>
            </sub-events>
        </event-block>
        <comment>on Pause</comment>
        <event-block sid="807161951186061">
            <conditions>
                <condition id="3" name="On touched object" sid="975569835577891" type="Touch">
                    <param id="0" name="Object">btnpause</param>
                </condition>
            </conditions>
            <actions />
            <sub-events>
                <event-block sid="973915710178849">
                    <conditions>
                        <condition id="-14" name="Compare variable" sid="499543594945211" type="System">
                            <param id="0" name="Variable">Pause</param>
                            <param id="1" name="Comparison">0</param>
                            <param id="2" name="Value">0</param>
                        </condition>
                    </conditions>
                    <actions>
                        <action id="-4" name="Set layer visible" sid="666271403716763" type="System">
                            <param id="0" name="Layer">&quot;pause&quot;</param>
                            <param id="1" name="Visibility">1</param>
                        </action>
                        <action id="-13" name="Set time scale" sid="969451353226876" type="System">
                            <param id="0" name="Time scale">0</param>
                        </action>
                        <action id="-9" name="Set value" sid="275438016294478" type="System">
                            <param id="0" name="Variable">Pause</param>
                            <param id="1" name="Value">1</param>
                        </action>
                    </actions>
                </event-block>
            </sub-events>
        </event-block>
        <event-block sid="838481419286410">
            <conditions>
                <condition id="-9" name="Layer is visible" sid="779809887833975" type="System">
                    <param id="0" name="Layer">&quot;pause&quot;</param>
                </condition>
            </conditions>
            <actions />
            <sub-events>
                <event-block sid="552768099760921">
                    <conditions>
                        <condition id="4" name="Is touching object" sid="786512140201822" type="Touch">
                            <param id="0" name="Object">btnOut</param>
                        </condition>
                    </conditions>
                    <actions>
                        <action id="-4" name="Set layer visible" sid="216592402250666" type="System">
                            <param id="0" name="Layer">&quot;gameover&quot;</param>
                            <param id="1" name="Visibility">1</param>
                        </action>
                        <action id="-4" name="Set layer visible" sid="122701534601195" type="System">
                            <param id="0" name="Layer">&quot;pause&quot;</param>
                            <param id="1" name="Visibility">0</param>
                        </action>
                        <action id="-9" name="Set value" sid="395784143702074" type="System">
                            <param id="0" name="Variable">Pause</param>
                            <param id="1" name="Value">0</param>
                        </action>
                    </actions>
                </event-block>
                <event-block sid="820408326260016">
                    <conditions>
                        <condition id="4" name="Is touching object" sid="230843029912449" type="Touch">
                            <param id="0" name="Object">btnstart</param>
                        </condition>
                    </conditions>
                    <actions>
                        <action id="-13" name="Set time scale" sid="103988209205187" type="System">
                            <param id="0" name="Time scale">1</param>
                        </action>
                        <action id="-4" name="Set layer visible" sid="570016413165758" type="System">
                            <param id="0" name="Layer">&quot;pause&quot;</param>
                            <param id="1" name="Visibility">0</param>
                        </action>
                        <action id="-9" name="Set value" sid="952450842814335" type="System">
                            <param id="0" name="Variable">Pause</param>
                            <param id="1" name="Value">0</param>
                        </action>
                    </actions>
                </event-block>
            </sub-events>
        </event-block>
        <event-block sid="138116461230880">
            <conditions>
                <condition id="-9" name="Layer is visible" sid="383428758882955" type="System">
                    <param id="0" name="Layer">&quot;gameover&quot;</param>
                </condition>
            </conditions>
            <actions />
            <sub-events>
                <event-block sid="200134628074755">
                    <conditions>
                        <condition id="4" name="Is touching object" sid="884542655434813" type="Touch">
                            <param id="0" name="Object">btnexit</param>
                        </condition>
                    </conditions>
                    <actions>
                        <action id="5" name="Set frame" sid="807182298213222" type="btnpause">
                            <param id="0" name="Frame number">0</param>
                        </action>
                        <action id="-13" name="Set time scale" sid="227615285939474" type="System">
                            <param id="0" name="Time scale">1.0</param>
                        </action>
                        <action id="-4" name="Set layer visible" sid="213010387218747" type="System">
                            <param id="0" name="Layer">&quot;gameover&quot;</param>
                            <param id="1" name="Visibility">0</param>
                        </action>
                        <action id="-9" name="Set value" sid="105269518038160" type="System">
                            <param id="0" name="Variable">Pause</param>
                            <param id="1" name="Value">0</param>
                        </action>
                    </actions>
                </event-block>
                <event-block sid="843574212465039">
                    <conditions>
                        <condition id="4" name="Is touching object" sid="799309285289411" type="Touch">
                            <param id="0" name="Object">btnapprove</param>
                        </condition>
                    </conditions>
                    <actions>
                        <action id="-2" name="Go to layout" sid="410318294265729" type="System">
                            <param id="0" name="Layout">menu</param>
                        </action>
                    </actions>
                </event-block>
            </sub-events>
        </event-block>
        <comment>Coin collection</comment>
        <event-block sid="846038555801365">
            <conditions>
                <condition id="0" name="On collision with another object" sid="478844871659620" type="hero">
                    <param id="0" name="Object">gems</param>
                </condition>
            </conditions>
            <actions>
                <action id="-10" name="Add to" sid="784019857339469" type="System">
                    <param id="0" name="Variable">Score</param>
                    <param id="1" name="Value">1</param>
                </action>
                <action id="0" name="Set text" sid="733511028466421" type="ScoreText">
                    <param id="0" name="Text">&quot;x &quot;&amp;Score</param>
                </action>
                <action id="-9" name="Destroy" sid="570471831461165" type="gems" />
            </actions>
        </event-block>
        <comment>Life collection</comment>
        <event-block sid="200564999911390">
            <conditions>
                <condition id="0" name="On collision with another object" sid="141928780585990" type="hero">
                    <param id="0" name="Object">lifecoin</param>
                </condition>
            </conditions>
            <actions>
                <action id="-9" name="Destroy" sid="959256425804927" type="lifecoin" />
            </actions>
            <sub-events>
                <event-block sid="136310698244816">
                    <conditions>
                        <condition id="-7" name="Compare instance variable" sid="172800302407925" type="hero">
                            <param id="0" name="Instance variable">health</param>
                            <param id="1" name="Comparison">2</param>
                            <param id="2" name="Value">100</param>
                        </condition>
                    </conditions>
                    <actions>
                        <action id="-11" name="Add to" sid="421644399591031" type="hero">
                            <param id="0" name="Instance variable">health</param>
                            <param id="1" name="Value">10</param>
                        </action>
                        <action id="3" name="Set progress" sid="295767851493364" type="BarProgress">
                            <param id="0" name="Value">hero.health</param>
                        </action>
                    </actions>
                </event-block>
                <event-block sid="811890753517801">
                    <conditions>
                        <condition id="-22" name="Else" sid="450443165101054" type="System" />
                    </conditions>
                    <actions>
                        <action id="3" name="Set progress" sid="583530316752303" type="BarProgress">
                            <param id="0" name="Value">100</param>
                        </action>
                    </actions>
                </event-block>
            </sub-events>
        </event-block>
        <event-block sid="546845412119533">
            <conditions>
                <condition id="1" name="Compare progress" sid="563816718984846" type="BarProgress">
                    <param id="0" name="Comparison">0</param>
                    <param id="1" name="Value">0</param>
                </condition>
            </conditions>
            <actions>
                <action id="4" name="Set animation" sid="302637385043780" type="hero">
                    <param id="0" name="Animation">&quot;dead&quot;</param>
                    <param id="1" name="From">1</param>
                </action>
                <action behavior="Platform" id="11" name="Set enabled" sid="643657434827342" type="hero_shadow">
                    <param id="0" name="State">0</param>
                </action>
                <action id="-16" name="Wait" sid="315758533284454" type="System">
                    <param id="0" name="Seconds">1.0</param>
                </action>
                <action id="-9" name="Destroy" sid="940028023229429" type="hero" />
                <action id="-9" name="Destroy" sid="619066845505598" type="enemies" />
                <action id="-4" name="Set layer visible" sid="986515098313453" type="System">
                    <param id="0" name="Layer">&quot;complete&quot;</param>
                    <param id="1" name="Visibility">1</param>
                </action>
                <action id="-9" name="Destroy" sid="295367977908826" type="hero_shadow" />
                <action id="5" name="Set frame" sid="896024167020582" type="score_header">
                    <param id="0" name="Frame number">0</param>
                </action>
            </actions>
        </event-block>
        <comment>Enemy movements</comment>
        <event-block sid="373329744082052">
            <conditions>
                <condition id="-7" name="Compare instance variable" sid="834830204934752" type="enemy1">
                    <param id="0" name="Instance variable">direction</param>
                    <param id="1" name="Comparison">0</param>
                    <param id="2" name="Value">&quot;right&quot;</param>
                </condition>
            </conditions>
            <actions>
                <action behavior="Platform" id="7" name="Simulate control" sid="291994552897566" type="enemy1">
                    <param id="0" name="Control">1</param>
                </action>
                <action id="7" name="Set mirrored" sid="394117395023166" type="enemy1">
                    <param id="0" name="State">1</param>
                </action>
            </actions>
        </event-block>
        <event-block sid="262101094178061">
            <conditions>
                <condition id="-7" name="Compare instance variable" sid="523591289306811" type="enemy1">
                    <param id="0" name="Instance variable">direction</param>
                    <param id="1" name="Comparison">0</param>
                    <param id="2" name="Value">&quot;left&quot;</param>
                </condition>
            </conditions>
            <actions>
                <action behavior="Platform" id="7" name="Simulate control" sid="610862235295315" type="enemy1">
                    <param id="0" name="Control">0</param>
                </action>
                <action id="7" name="Set mirrored" sid="669364053792428" type="enemy1">
                    <param id="0" name="State">0</param>
                </action>
            </actions>
        </event-block>
        <event-block sid="182997845116592">
            <conditions>
                <condition id="-7" name="Compare instance variable" sid="699902025887006" type="enemy2">
                    <param id="0" name="Instance variable">direction</param>
                    <param id="1" name="Comparison">0</param>
                    <param id="2" name="Value">&quot;right&quot;</param>
                </condition>
            </conditions>
            <actions>
                <action behavior="Platform" id="7" name="Simulate control" sid="533020623582217" type="enemy2">
                    <param id="0" name="Control">1</param>
                </action>
                <action id="7" name="Set mirrored" sid="334532544573058" type="enemy2">
                    <param id="0" name="State">1</param>
                </action>
            </actions>
        </event-block>
        <event-block sid="363358288010975">
            <conditions>
                <condition id="-7" name="Compare instance variable" sid="722491347967170" type="enemy2">
                    <param id="0" name="Instance variable">direction</param>
                    <param id="1" name="Comparison">0</param>
                    <param id="2" name="Value">&quot;left&quot;</param>
                </condition>
            </conditions>
            <actions>
                <action behavior="Platform" id="7" name="Simulate control" sid="177692594680646" type="enemy2">
                    <param id="0" name="Control">0</param>
                </action>
                <action id="7" name="Set mirrored" sid="569452984520318" type="enemy2">
                    <param id="0" name="State">0</param>
                </action>
            </actions>
        </event-block>
        <event-block sid="562964539562933">
            <conditions>
                <condition id="-7" name="Compare instance variable" sid="995077121533746" type="enemy3">
                    <param id="0" name="Instance variable">direction</param>
                    <param id="1" name="Comparison">0</param>
                    <param id="2" name="Value">&quot;right&quot;</param>
                </condition>
            </conditions>
            <actions>
                <action behavior="Platform" id="7" name="Simulate control" sid="859090996806719" type="enemy3">
                    <param id="0" name="Control">1</param>
                </action>
                <action id="7" name="Set mirrored" sid="428404844558761" type="enemy3">
                    <param id="0" name="State">1</param>
                </action>
            </actions>
        </event-block>
        <event-block sid="216473540913443">
            <conditions>
                <condition id="-7" name="Compare instance variable" sid="701379416822139" type="enemy3">
                    <param id="0" name="Instance variable">direction</param>
                    <param id="1" name="Comparison">0</param>
                    <param id="2" name="Value">&quot;left&quot;</param>
                </condition>
            </conditions>
            <actions>
                <action behavior="Platform" id="7" name="Simulate control" sid="232230471769268" type="enemy3">
                    <param id="0" name="Control">0</param>
                </action>
                <action id="7" name="Set mirrored" sid="393306635754735" type="enemy3">
                    <param id="0" name="State">0</param>
                </action>
            </actions>
        </event-block>
        <event-block sid="365808122485667">
            <conditions>
                <condition id="-7" name="Compare instance variable" sid="712841997743868" type="enemy4">
                    <param id="0" name="Instance variable">direction</param>
                    <param id="1" name="Comparison">0</param>
                    <param id="2" name="Value">&quot;right&quot;</param>
                </condition>
            </conditions>
            <actions>
                <action behavior="Platform" id="7" name="Simulate control" sid="248946890538883" type="enemy4">
                    <param id="0" name="Control">1</param>
                </action>
                <action id="7" name="Set mirrored" sid="119321423353274" type="enemy4">
                    <param id="0" name="State">1</param>
                </action>
            </actions>
        </event-block>
        <event-block sid="133399763871548">
            <conditions>
                <condition id="-7" name="Compare instance variable" sid="995390015304819" type="enemy4">
                    <param id="0" name="Instance variable">direction</param>
                    <param id="1" name="Comparison">0</param>
                    <param id="2" name="Value">&quot;left&quot;</param>
                </condition>
            </conditions>
            <actions>
                <action behavior="Platform" id="7" name="Simulate control" sid="930790805725689" type="enemy4">
                    <param id="0" name="Control">0</param>
                </action>
                <action id="7" name="Set mirrored" sid="979253470923353" type="enemy4">
                    <param id="0" name="State">0</param>
                </action>
            </actions>
        </event-block>
        <event-block sid="803710997134437">
            <conditions>
                <condition id="-7" name="Compare instance variable" sid="746278868860679" type="enemy5">
                    <param id="0" name="Instance variable">direction</param>
                    <param id="1" name="Comparison">0</param>
                    <param id="2" name="Value">&quot;right&quot;</param>
                </condition>
            </conditions>
            <actions>
                <action behavior="Platform" id="7" name="Simulate control" sid="566801901754087" type="enemy5">
                    <param id="0" name="Control">1</param>
                </action>
                <action id="7" name="Set mirrored" sid="966822543500998" type="enemy5">
                    <param id="0" name="State">1</param>
                </action>
            </actions>
        </event-block>
        <event-block sid="593691738538507">
            <conditions>
                <condition id="-7" name="Compare instance variable" sid="473486879615544" type="enemy5">
                    <param id="0" name="Instance variable">direction</param>
                    <param id="1" name="Comparison">0</param>
                    <param id="2" name="Value">&quot;left&quot;</param>
                </condition>
            </conditions>
            <actions>
                <action behavior="Platform" id="7" name="Simulate control" sid="432226817716357" type="enemy5">
                    <param id="0" name="Control">0</param>
                </action>
                <action id="7" name="Set mirrored" sid="633592543073995" type="enemy5">
                    <param id="0" name="State">0</param>
                </action>
            </actions>
        </event-block>
        <event-block sid="572492734934541">
            <conditions>
                <condition id="0" name="On collision with another object" sid="245731660522600" type="enemies">
                    <param id="0" name="Object">enemybarrier</param>
                </condition>
            </conditions>
            <actions />
            <sub-events>
                <event-block sid="798168875352544">
                    <conditions>
                        <condition id="-7" name="Compare instance variable" sid="554546100993284" type="enemies">
                            <param id="0" name="Instance variable">direction</param>
                            <param id="1" name="Comparison">0</param>
                            <param id="2" name="Value">&quot;right&quot;</param>
                        </condition>
                    </conditions>
                    <actions>
                        <action id="-10" name="Set value" sid="107170915431320" type="enemies">
                            <param id="0" name="Instance variable">direction</param>
                            <param id="1" name="Value">&quot;left&quot;</param>
                        </action>
                    </actions>
                </event-block>
                <event-block sid="780366770138188">
                    <conditions>
                        <condition id="-22" name="Else" sid="797488765337874" type="System" />
                    </conditions>
                    <actions>
                        <action id="-10" name="Set value" sid="146763500005134" type="enemies">
                            <param id="0" name="Instance variable">direction</param>
                            <param id="1" name="Value">&quot;right&quot;</param>
                        </action>
                    </actions>
                </event-block>
            </sub-events>
        </event-block>
        <comment>Hero meets enemy</comment>
        <event-block sid="377343176099332">
            <conditions>
                <condition id="0" name="On collision with another object" sid="872000993956355" type="hero_shadow">
                    <param id="0" name="Object">enemy1</param>
                </condition>
            </conditions>
            <actions />
            <sub-events>
                <event-block sid="664170342031051">
                    <conditions>
                        <condition behavior="Platform" id="4" name="Is falling" sid="643948707178947" type="hero_shadow" />
                    </conditions>
                    <actions>
                        <action behavior="Platform" id="11" name="Set enabled" sid="560754748699815" type="enemy1">
                            <param id="0" name="State">0</param>
                        </action>
                        <action id="4" name="Set animation" sid="620929777695888" type="enemy1">
                            <param id="0" name="Animation">&quot;dying&quot;</param>
                            <param id="1" name="From">1</param>
                        </action>
                        <action behavior="Platform" id="9" name="Set vector Y" sid="664708747317210" type="hero_shadow">
                            <param id="0" name="Vector Y">-600</param>
                        </action>
                        <action id="-16" name="Wait" sid="743224296868930" type="System">
                            <param id="0" name="Seconds">0.7</param>
                        </action>
                        <action id="-9" name="Destroy" sid="345516753593380" type="enemy1" />
                    </actions>
                </event-block>
                <event-block sid="110626272896848">
                    <conditions>
                        <condition id="-22" name="Else" sid="132249050172984" type="System" />
                    </conditions>
                    <actions>
                        <action behavior="Flash" id="0" name="Flash" sid="946519628593867" type="hero">
                            <param id="0" name="&apos;On&apos; time">0.1</param>
                            <param id="1" name="&apos;Off&apos; time">0.1</param>
                            <param id="2" name="Duration">1.0</param>
                        </action>
                        <action id="-12" name="Subtract from" sid="725096010839478" type="hero">
                            <param id="0" name="Instance variable">health</param>
                            <param id="1" name="Value">10</param>
                        </action>
                        <action id="3" name="Set progress" sid="722685740170574" type="BarProgress">
                            <param id="0" name="Value">hero.health</param>
                        </action>
                        <action id="0" name="Play" sid="508192684505843" type="Audio">
                            <param id="0" name="Audio file">stab_knife_02</param>
                            <param id="2" name="Loop">0</param>
                            <param id="3" name="Volume">0</param>
                            <param id="1" name="Tag (optional)">&quot;sound&quot;</param>
                        </action>
                    </actions>
                </event-block>
            </sub-events>
        </event-block>
        <event-block sid="469421760054955">
            <conditions>
                <condition id="0" name="On collision with another object" sid="519308175562106" type="hero_shadow">
                    <param id="0" name="Object">enemy2</param>
                </condition>
            </conditions>
            <actions />
            <sub-events>
                <event-block sid="680828481403300">
                    <conditions>
                        <condition behavior="Platform" id="4" name="Is falling" sid="844158174621475" type="hero_shadow" />
                    </conditions>
                    <actions>
                        <action behavior="Platform" id="11" name="Set enabled" sid="200166590886479" type="enemy2">
                            <param id="0" name="State">0</param>
                        </action>
                        <action id="4" name="Set animation" sid="561826478714889" type="enemy2">
                            <param id="0" name="Animation">&quot;dying&quot;</param>
                            <param id="1" name="From">1</param>
                        </action>
                        <action behavior="Platform" id="9" name="Set vector Y" sid="684045644669673" type="hero_shadow">
                            <param id="0" name="Vector Y">-600</param>
                        </action>
                        <action id="-16" name="Wait" sid="444870550044212" type="System">
                            <param id="0" name="Seconds">0.7</param>
                        </action>
                        <action id="-9" name="Destroy" sid="525497368698425" type="enemy2" />
                    </actions>
                </event-block>
                <event-block sid="943559794589675">
                    <conditions>
                        <condition id="-22" name="Else" sid="755726206855753" type="System" />
                    </conditions>
                    <actions>
                        <action behavior="Flash" id="0" name="Flash" sid="458848057166799" type="hero">
                            <param id="0" name="&apos;On&apos; time">0.1</param>
                            <param id="1" name="&apos;Off&apos; time">0.1</param>
                            <param id="2" name="Duration">1.0</param>
                        </action>
                        <action id="-12" name="Subtract from" sid="258678288910296" type="hero">
                            <param id="0" name="Instance variable">health</param>
                            <param id="1" name="Value">10</param>
                        </action>
                        <action id="3" name="Set progress" sid="356928828024205" type="BarProgress">
                            <param id="0" name="Value">hero.health</param>
                        </action>
                        <action id="0" name="Play" sid="833510358528575" type="Audio">
                            <param id="0" name="Audio file">stab_knife_02</param>
                            <param id="2" name="Loop">0</param>
                            <param id="3" name="Volume">0</param>
                            <param id="1" name="Tag (optional)">&quot;sound&quot;</param>
                        </action>
                    </actions>
                </event-block>
            </sub-events>
        </event-block>
        <event-block sid="877766517573696">
            <conditions>
                <condition id="0" name="On collision with another object" sid="225233719979205" type="hero_shadow">
                    <param id="0" name="Object">enemy3</param>
                </condition>
            </conditions>
            <actions />
            <sub-events>
                <event-block sid="553734165773940">
                    <conditions>
                        <condition behavior="Platform" id="4" name="Is falling" sid="154535417123822" type="hero_shadow" />
                    </conditions>
                    <actions>
                        <action behavior="Platform" id="11" name="Set enabled" sid="395062030404161" type="enemy3">
                            <param id="0" name="State">0</param>
                        </action>
                        <action id="4" name="Set animation" sid="193965662855883" type="enemy3">
                            <param id="0" name="Animation">&quot;dying&quot;</param>
                            <param id="1" name="From">1</param>
                        </action>
                        <action behavior="Platform" id="9" name="Set vector Y" sid="361885303639043" type="hero_shadow">
                            <param id="0" name="Vector Y">-600</param>
                        </action>
                        <action id="-16" name="Wait" sid="821986426846626" type="System">
                            <param id="0" name="Seconds">0.7</param>
                        </action>
                        <action id="-9" name="Destroy" sid="550578148044742" type="enemy3" />
                    </actions>
                </event-block>
                <event-block sid="517561772372153">
                    <conditions>
                        <condition id="-22" name="Else" sid="493114601899818" type="System" />
                    </conditions>
                    <actions>
                        <action behavior="Flash" id="0" name="Flash" sid="499579310169018" type="hero">
                            <param id="0" name="&apos;On&apos; time">0.1</param>
                            <param id="1" name="&apos;Off&apos; time">0.1</param>
                            <param id="2" name="Duration">1.0</param>
                        </action>
                        <action id="-12" name="Subtract from" sid="771256253453433" type="hero">
                            <param id="0" name="Instance variable">health</param>
                            <param id="1" name="Value">10</param>
                        </action>
                        <action id="3" name="Set progress" sid="997167672265978" type="BarProgress">
                            <param id="0" name="Value">hero.health</param>
                        </action>
                        <action id="0" name="Play" sid="636862054609470" type="Audio">
                            <param id="0" name="Audio file">stab_knife_02</param>
                            <param id="2" name="Loop">0</param>
                            <param id="3" name="Volume">0</param>
                            <param id="1" name="Tag (optional)">&quot;sound&quot;</param>
                        </action>
                    </actions>
                </event-block>
            </sub-events>
        </event-block>
        <event-block sid="178840878431659">
            <conditions>
                <condition id="0" name="On collision with another object" sid="487583389860487" type="hero_shadow">
                    <param id="0" name="Object">enemy4</param>
                </condition>
            </conditions>
            <actions />
            <sub-events>
                <event-block sid="119819147908439">
                    <conditions>
                        <condition behavior="Platform" id="4" name="Is falling" sid="581488135148900" type="hero_shadow" />
                    </conditions>
                    <actions>
                        <action behavior="Platform" id="11" name="Set enabled" sid="210968836225214" type="enemy4">
                            <param id="0" name="State">0</param>
                        </action>
                        <action id="4" name="Set animation" sid="496059711296530" type="enemy4">
                            <param id="0" name="Animation">&quot;dying&quot;</param>
                            <param id="1" name="From">1</param>
                        </action>
                        <action behavior="Platform" id="9" name="Set vector Y" sid="380608285696752" type="hero_shadow">
                            <param id="0" name="Vector Y">-600</param>
                        </action>
                        <action id="-16" name="Wait" sid="855878182442096" type="System">
                            <param id="0" name="Seconds">0.7</param>
                        </action>
                        <action id="-9" name="Destroy" sid="491875276481082" type="enemy4" />
                    </actions>
                </event-block>
                <event-block sid="271358897721880">
                    <conditions>
                        <condition id="-22" name="Else" sid="447947942700808" type="System" />
                    </conditions>
                    <actions>
                        <action behavior="Flash" id="0" name="Flash" sid="306633037782455" type="hero">
                            <param id="0" name="&apos;On&apos; time">0.1</param>
                            <param id="1" name="&apos;Off&apos; time">0.1</param>
                            <param id="2" name="Duration">1.0</param>
                        </action>
                        <action id="-12" name="Subtract from" sid="793835478367651" type="hero">
                            <param id="0" name="Instance variable">health</param>
                            <param id="1" name="Value">10</param>
                        </action>
                        <action id="3" name="Set progress" sid="811339562916681" type="BarProgress">
                            <param id="0" name="Value">hero.health</param>
                        </action>
                        <action id="0" name="Play" sid="415034830337013" type="Audio">
                            <param id="0" name="Audio file">stab_knife_02</param>
                            <param id="2" name="Loop">0</param>
                            <param id="3" name="Volume">0</param>
                            <param id="1" name="Tag (optional)">&quot;sound&quot;</param>
                        </action>
                    </actions>
                </event-block>
            </sub-events>
        </event-block>
        <event-block sid="860965861255203">
            <conditions>
                <condition id="0" name="On collision with another object" sid="838034761517072" type="hero_shadow">
                    <param id="0" name="Object">enemy5</param>
                </condition>
            </conditions>
            <actions />
            <sub-events>
                <event-block sid="366449843157965">
                    <conditions>
                        <condition behavior="Platform" id="4" name="Is falling" sid="922312365338643" type="hero_shadow" />
                    </conditions>
                    <actions>
                        <action behavior="Platform" id="11" name="Set enabled" sid="254184974152133" type="enemy5">
                            <param id="0" name="State">0</param>
                        </action>
                        <action id="4" name="Set animation" sid="824603261765501" type="enemy5">
                            <param id="0" name="Animation">&quot;dying&quot;</param>
                            <param id="1" name="From">1</param>
                        </action>
                        <action behavior="Platform" id="9" name="Set vector Y" sid="597165595267399" type="hero_shadow">
                            <param id="0" name="Vector Y">-600</param>
                        </action>
                        <action id="-16" name="Wait" sid="915752207881265" type="System">
                            <param id="0" name="Seconds">0.7</param>
                        </action>
                        <action id="-9" name="Destroy" sid="501386956232429" type="enemy5" />
                    </actions>
                </event-block>
                <event-block sid="711853808318768">
                    <conditions>
                        <condition id="-22" name="Else" sid="471196792625293" type="System" />
                    </conditions>
                    <actions>
                        <action behavior="Flash" id="0" name="Flash" sid="768122692575229" type="hero">
                            <param id="0" name="&apos;On&apos; time">0.1</param>
                            <param id="1" name="&apos;Off&apos; time">0.1</param>
                            <param id="2" name="Duration">1.0</param>
                        </action>
                        <action id="-12" name="Subtract from" sid="111809282411981" type="hero">
                            <param id="0" name="Instance variable">health</param>
                            <param id="1" name="Value">10</param>
                        </action>
                        <action id="3" name="Set progress" sid="903637158133081" type="BarProgress">
                            <param id="0" name="Value">hero.health</param>
                        </action>
                        <action id="0" name="Play" sid="331787980515733" type="Audio">
                            <param id="0" name="Audio file">stab_knife_02</param>
                            <param id="2" name="Loop">0</param>
                            <param id="3" name="Volume">0</param>
                            <param id="1" name="Tag (optional)">&quot;sound&quot;</param>
                        </action>
                    </actions>
                </event-block>
            </sub-events>
        </event-block>
        <event-block sid="282556943843832">
            <conditions>
                <condition behavior="LineOfSight" id="0" name="Has LOS to object" sid="665832181649613" type="enemy1">
                    <param id="0" name="Object">hero_shadow</param>
                </condition>
            </conditions>
            <actions />
            <sub-events>
                <event-block sid="990915685523212">
                    <conditions>
                        <condition id="-1" name="Compare X" sid="466265953926208" type="hero_shadow">
                            <param id="0" name="Comparison">4</param>
                            <param id="1" name="X co-ordinate">enemy1.X</param>
                        </condition>
                        <condition id="-6" name="Every X seconds" sid="104608961060465" type="System">
                            <param id="0" name="Interval (seconds)">0.6</param>
                        </condition>
                    </conditions>
                    <actions>
                        <action id="4" name="Set animation" sid="725812693732139" type="enemy1">
                            <param id="0" name="Animation">&quot;attack&quot;</param>
                            <param id="1" name="From">1</param>
                        </action>
                        <action id="0" name="Spawn another object" sid="122406158961521" type="enemy1">
                            <param id="0" name="Object">rock</param>
                            <param id="1" name="Layer">&quot;game&quot;</param>
                            <param id="2" name="Image point">0</param>
                        </action>
                        <action id="-22" name="Set angle toward position" sid="640216809431218" type="rock">
                            <param id="0" name="X">hero.X</param>
                            <param id="1" name="Y">hero.Y</param>
                        </action>
                    </actions>
                </event-block>
                <event-block sid="485173893570439">
                    <conditions>
                        <condition id="-1" name="Compare X" sid="988382356880737" type="hero_shadow">
                            <param id="0" name="Comparison">2</param>
                            <param id="1" name="X co-ordinate">enemy1.X</param>
                        </condition>
                        <condition id="-6" name="Every X seconds" sid="752599440863648" type="System">
                            <param id="0" name="Interval (seconds)">0.6</param>
                        </condition>
                    </conditions>
                    <actions>
                        <action id="4" name="Set animation" sid="529425964105913" type="enemy1">
                            <param id="0" name="Animation">&quot;attack&quot;</param>
                            <param id="1" name="From">1</param>
                        </action>
                        <action id="0" name="Spawn another object" sid="503460363968108" type="enemy1">
                            <param id="0" name="Object">rock</param>
                            <param id="1" name="Layer">&quot;game&quot;</param>
                            <param id="2" name="Image point">0</param>
                        </action>
                        <action id="-22" name="Set angle toward position" sid="394766513799621" type="rock">
                            <param id="0" name="X">hero.X</param>
                            <param id="1" name="Y">hero.Y</param>
                        </action>
                    </actions>
                </event-block>
            </sub-events>
        </event-block>
        <event-block sid="418707880087053">
            <conditions>
                <condition id="0" name="On collision with another object" sid="895861877399442" type="rock">
                    <param id="0" name="Object">hero_shadow</param>
                </condition>
            </conditions>
            <actions>
                <action behavior="Flash" id="0" name="Flash" sid="971454483184876" type="hero">
                    <param id="0" name="&apos;On&apos; time">0.1</param>
                    <param id="1" name="&apos;Off&apos; time">0.1</param>
                    <param id="2" name="Duration">0.5</param>
                </action>
                <action id="-12" name="Subtract from" sid="952834798323891" type="hero">
                    <param id="0" name="Instance variable">health</param>
                    <param id="1" name="Value">5</param>
                </action>
                <action id="3" name="Set progress" sid="900811249686729" type="BarProgress">
                    <param id="0" name="Value">hero.health</param>
                </action>
                <action id="-9" name="Destroy" sid="845472427478740" type="rock" />
                <action id="0" name="Play" sid="256510007280968" type="Audio">
                    <param id="0" name="Audio file">ouch1</param>
                    <param id="2" name="Loop">0</param>
                    <param id="3" name="Volume">0</param>
                    <param id="1" name="Tag (optional)">&quot;sound&quot;</param>
                </action>
            </actions>
        </event-block>
        <event-block sid="374960975194098">
            <conditions>
                <condition id="-4" name="Is outside layout" sid="333642706631444" type="rock" />
            </conditions>
            <actions>
                <action id="-9" name="Destroy" sid="341191105080030" type="rock" />
            </actions>
        </event-block>
        <comment>hero meets spikes</comment>
        <event-block sid="520150399107908">
            <conditions>
                <condition id="0" name="On collision with another object" sid="428605549593908" type="hero">
                    <param id="0" name="Object">spikes</param>
                </condition>
            </conditions>
            <actions>
                <action behavior="Flash" id="0" name="Flash" sid="658346904549870" type="hero">
                    <param id="0" name="&apos;On&apos; time">0.1</param>
                    <param id="1" name="&apos;Off&apos; time">0.1</param>
                    <param id="2" name="Duration">1.0</param>
                </action>
                <action id="-12" name="Subtract from" sid="531276263833940" type="hero">
                    <param id="0" name="Instance variable">health</param>
                    <param id="1" name="Value">5</param>
                </action>
                <action id="3" name="Set progress" sid="436576558837819" type="BarProgress">
                    <param id="0" name="Value">hero.health</param>
                </action>
                <action id="0" name="Play" sid="485176605424422" type="Audio">
                    <param id="0" name="Audio file">ouch1</param>
                    <param id="2" name="Loop">0</param>
                    <param id="3" name="Volume">0</param>
                    <param id="1" name="Tag (optional)">&quot;sound&quot;</param>
                </action>
            </actions>
        </event-block>
        <event-block sid="408682416147030">
            <conditions>
                <condition id="0" name="On collision with another object" sid="175129738318912" type="bullet">
                    <param id="0" name="Object">box</param>
                </condition>
            </conditions>
            <actions>
                <action id="0" name="Spawn another object" sid="952108701724742" type="box">
                    <param id="0" name="Object">explode_box</param>
                    <param id="1" name="Layer">1</param>
                    <param id="2" name="Image point">0</param>
                </action>
                <action id="-8" name="Set angle" sid="363123353430734" type="explode_box">
                    <param id="0" name="Angle">270</param>
                </action>
                <action id="-9" name="Destroy" sid="557631858135687" type="box" />
                <action id="-9" name="Destroy" sid="429476203156625" type="bullet" />
                <action id="0" name="Play" sid="611557482487123" type="Audio">
                    <param id="0" name="Audio file">explosion10</param>
                    <param id="2" name="Loop">0</param>
                    <param id="3" name="Volume">0</param>
                    <param id="1" name="Tag (optional)">&quot;sound&quot;</param>
                </action>
            </actions>
        </event-block>
        <event-block sid="868807966280590">
            <conditions>
                <condition id="1" name="Is overlapping another object" sid="405928434874760" type="hero_shadow">
                    <param id="0" name="Object">key3</param>
                </condition>
            </conditions>
            <actions>
                <action id="5" name="Set frame" sid="434720740288584" type="key1">
                    <param id="0" name="Frame number">1</param>
                </action>
                <action id="-9" name="Destroy" sid="216017337155440" type="key3" />
                <action id="-9" name="Set value" sid="766127272571931" type="System">
                    <param id="0" name="Variable">Key1</param>
                    <param id="1" name="Value">1</param>
                </action>
            </actions>
        </event-block>
        <event-block sid="670585327076896">
            <conditions>
                <condition id="1" name="Is overlapping another object" sid="750196238138017" type="hero_shadow">
                    <param id="0" name="Object">key4</param>
                </condition>
            </conditions>
            <actions>
                <action id="5" name="Set frame" sid="451955245781443" type="key2">
                    <param id="0" name="Frame number">1</param>
                </action>
                <action id="-9" name="Destroy" sid="246398165777114" type="key4" />
                <action id="-9" name="Set value" sid="556997121083648" type="System">
                    <param id="0" name="Variable">Key2</param>
                    <param id="1" name="Value">1</param>
                </action>
            </actions>
        </event-block>
        <event-block sid="102061501423279">
            <conditions>
                <condition id="-14" name="Compare variable" sid="327369940010954" type="System">
                    <param id="0" name="Variable">Key1</param>
                    <param id="1" name="Comparison">0</param>
                    <param id="2" name="Value">1</param>
                </condition>
                <condition id="-14" name="Compare variable" sid="536231072968953" type="System">
                    <param id="0" name="Variable">Key2</param>
                    <param id="1" name="Comparison">0</param>
                    <param id="2" name="Value">1</param>
                </condition>
            </conditions>
            <actions>
                <action id="5" name="Set frame" sid="875410113888851" type="flag">
                    <param id="0" name="Frame number">1</param>
                </action>
                <action id="-9" name="Set value" sid="238296074736236" type="System">
                    <param id="0" name="Variable">gate</param>
                    <param id="1" name="Value">1</param>
                </action>
            </actions>
        </event-block>
        <event-block sid="390452770443799">
            <conditions>
                <condition id="-14" name="Compare variable" sid="116641492168423" type="System">
                    <param id="0" name="Variable">gate</param>
                    <param id="1" name="Comparison">0</param>
                    <param id="2" name="Value">1</param>
                </condition>
            </conditions>
            <actions />
            <sub-events>
                <event-block sid="513699771533310">
                    <conditions>
                        <condition id="0" name="On collision with another object" sid="387725266208459" type="hero_shadow">
                            <param id="0" name="Object">flag</param>
                        </condition>
                    </conditions>
                    <actions>
                        <action behavior="Platform" id="11" name="Set enabled" sid="351533075594263" type="hero">
                            <param id="0" name="State">0</param>
                        </action>
                        <action id="-16" name="Wait" sid="284433031548838" type="System">
                            <param id="0" name="Seconds">1.0</param>
                        </action>
                        <action id="-4" name="Set layer visible" sid="132993402865536" type="System">
                            <param id="0" name="Layer">&quot;complete&quot;</param>
                            <param id="1" name="Visibility">1</param>
                        </action>
                        <action id="-9" name="Set value" sid="305153608668735" type="System">
                            <param id="0" name="Variable">Pause</param>
                            <param id="1" name="Value">0</param>
                        </action>
                    </actions>
                    <sub-events>
                        <event-block sid="216701846471811">
                            <conditions>
                                <condition id="-14" name="Compare variable" sid="438305856878400" type="System">
                                    <param id="0" name="Variable">Score</param>
                                    <param id="1" name="Comparison">5</param>
                                    <param id="2" name="Value">75</param>
                                </condition>
                            </conditions>
                            <actions>
                                <action id="5" name="Set frame" sid="740023698213268" type="score_header">
                                    <param id="0" name="Frame number">1</param>
                                </action>
                                <action id="0" name="Spawn another object" sid="830233405841785" type="tool">
                                    <param id="0" name="Object">particles</param>
                                    <param id="1" name="Layer">&quot;complete&quot;</param>
                                    <param id="2" name="Image point">0</param>
                                </action>
                                <action id="-8" name="Set angle" sid="844194951880703" type="particles">
                                    <param id="0" name="Angle">270</param>
                                </action>
                                <action id="5" name="Set frame" sid="190268598843496" type="score">
                                    <param id="0" name="Frame number">3</param>
                                </action>
                            </actions>
                            <sub-events>
                                <event-block sid="770640925514914">
                                    <conditions>
                                        <condition id="4" name="Is touching object" sid="624272133672589" type="Touch">
                                            <param id="0" name="Object">btnnext</param>
                                        </condition>
                                    </conditions>
                                    <actions>
                                        <action id="-2" name="Go to layout" sid="128018632345626" type="System">
                                            <param id="0" name="Layout">gameover</param>
                                        </action>
                                    </actions>
                                </event-block>
                            </sub-events>
                        </event-block>
                        <event-block sid="975960311848124">
                            <conditions>
                                <condition id="-14" name="Compare variable" sid="185847237629094" type="System">
                                    <param id="0" name="Variable">Score</param>
                                    <param id="1" name="Comparison">2</param>
                                    <param id="2" name="Value">75</param>
                                </condition>
                                <condition id="-14" name="Compare variable" sid="762769731945428" type="System">
                                    <param id="0" name="Variable">Score</param>
                                    <param id="1" name="Comparison">5</param>
                                    <param id="2" name="Value">60</param>
                                </condition>
                            </conditions>
                            <actions>
                                <action id="5" name="Set frame" sid="768067902714718" type="score_header">
                                    <param id="0" name="Frame number">1</param>
                                </action>
                                <action id="5" name="Set frame" sid="706581779394961" type="score">
                                    <param id="0" name="Frame number">2</param>
                                </action>
                            </actions>
                            <sub-events>
                                <event-block sid="759247908115213">
                                    <conditions>
                                        <condition id="4" name="Is touching object" sid="793430725382904" type="Touch">
                                            <param id="0" name="Object">btnnext</param>
                                        </condition>
                                    </conditions>
                                    <actions>
                                        <action id="-2" name="Go to layout" sid="367655539113062" type="System">
                                            <param id="0" name="Layout">gameover</param>
                                        </action>
                                    </actions>
                                </event-block>
                            </sub-events>
                        </event-block>
                        <event-block sid="586033547583764">
                            <conditions>
                                <condition id="-14" name="Compare variable" sid="208669895260960" type="System">
                                    <param id="0" name="Variable">Score</param>
                                    <param id="1" name="Comparison">2</param>
                                    <param id="2" name="Value">60</param>
                                </condition>
                                <condition id="-14" name="Compare variable" sid="869870786700542" type="System">
                                    <param id="0" name="Variable">Score</param>
                                    <param id="1" name="Comparison">5</param>
                                    <param id="2" name="Value">45</param>
                                </condition>
                            </conditions>
                            <actions>
                                <action id="5" name="Set frame" sid="328352886641390" type="score_header">
                                    <param id="0" name="Frame number">1</param>
                                </action>
                                <action id="5" name="Set frame" sid="387735894351033" type="score">
                                    <param id="0" name="Frame number">2</param>
                                </action>
                            </actions>
                            <sub-events>
                                <event-block sid="852068185095541">
                                    <conditions>
                                        <condition id="4" name="Is touching object" sid="417539935604509" type="Touch">
                                            <param id="0" name="Object">btnnext</param>
                                        </condition>
                                    </conditions>
                                    <actions>
                                        <action id="-26" name="Restart layout" sid="134470718928811" type="System" />
                                    </actions>
                                </event-block>
                            </sub-events>
                        </event-block>
                        <event-block sid="416665477035349">
                            <conditions>
                                <condition id="-14" name="Compare variable" sid="985131947349149" type="System">
                                    <param id="0" name="Variable">Score</param>
                                    <param id="1" name="Comparison">2</param>
                                    <param id="2" name="Value">45</param>
                                </condition>
                            </conditions>
                            <actions>
                                <action id="5" name="Set frame" sid="320685147572782" type="score_header">
                                    <param id="0" name="Frame number">0</param>
                                </action>
                            </actions>
                            <sub-events>
                                <event-block sid="875261320610701">
                                    <conditions>
                                        <condition id="4" name="Is touching object" sid="278172042207452" type="Touch">
                                            <param id="0" name="Object">btnnext</param>
                                        </condition>
                                    </conditions>
                                    <actions>
                                        <action id="-26" name="Restart layout" sid="777390591806251" type="System" />
                                    </actions>
                                </event-block>
                            </sub-events>
                        </event-block>
                    </sub-events>
                </event-block>
            </sub-events>
        </event-block>
        <event-block sid="562124717617733">
            <conditions>
                <condition id="3" name="On touched object" sid="928390043923895" type="Touch">
                    <param id="0" name="Object">btnOut1</param>
                </condition>
            </conditions>
            <actions>
                <action id="-2" name="Go to layout" sid="282140964945003" type="System">
                    <param id="0" name="Layout">menu</param>
                </action>
            </actions>
        </event-block>
        <event-block sid="181693068422556">
            <conditions>
                <condition id="3" name="On touched object" sid="980316549297980" type="Touch">
                    <param id="0" name="Object">btnnext</param>
                </condition>
            </conditions>
            <actions>
                <action id="-2" name="Go to layout" sid="113108919199016" type="System">
                    <param id="0" name="Layout">levels</param>
                </action>
            </actions>
        </event-block>
    </events>
</c2eventsheet>
