﻿<?xml version="1.0" encoding="utf-8" ?>
<c2eventsheet>
    <!--All the 'name' attributes are ignored by Construct 2 - they are there for readability only.-->
    <name>es_menu</name>
    <events>
        <event-block sid="264352696498977">
            <conditions>
                <condition id="3" name="On touched object" sid="562357203448925" type="Touch">
                    <param id="0" name="Object">btnpause</param>
                </condition>
            </conditions>
            <actions />
            <sub-events>
                <event-block sid="507522539497873">
                    <conditions>
                        <condition id="-14" name="Compare variable" sid="943282988167338" type="System">
                            <param id="0" name="Variable">Pause</param>
                            <param id="1" name="Comparison">0</param>
                            <param id="2" name="Value">0</param>
                        </condition>
                    </conditions>
                    <actions>
                        <action id="5" name="Set frame" sid="721482735129797" type="btnpause">
                            <param id="0" name="Frame number">1</param>
                        </action>
                        <action id="-13" name="Set time scale" sid="768112126088196" type="System">
                            <param id="0" name="Time scale">0</param>
                        </action>
                        <action id="-4" name="Set layer visible" sid="689639507244860" type="System">
                            <param id="0" name="Layer">&quot;pause&quot;</param>
                            <param id="1" name="Visibility">1</param>
                        </action>
                        <action id="-9" name="Set value" sid="277492314266750" type="System">
                            <param id="0" name="Variable">Pause</param>
                            <param id="1" name="Value">1</param>
                        </action>
                    </actions>
                </event-block>
            </sub-events>
        </event-block>
        <event-block sid="950311662376900">
            <conditions>
                <condition id="-9" name="Layer is visible" sid="371304260706814" type="System">
                    <param id="0" name="Layer">&quot;pause&quot;</param>
                </condition>
            </conditions>
            <actions />
            <sub-events>
                <event-block sid="891772147152300">
                    <conditions>
                        <condition id="4" name="Is touching object" sid="900652079453296" type="Touch">
                            <param id="0" name="Object">btnOut</param>
                        </condition>
                    </conditions>
                    <actions>
                        <action id="-4" name="Set layer visible" sid="571931614513818" type="System">
                            <param id="0" name="Layer">&quot;gameover&quot;</param>
                            <param id="1" name="Visibility">1</param>
                        </action>
                        <action id="-4" name="Set layer visible" sid="652908044586964" type="System">
                            <param id="0" name="Layer">&quot;pause&quot;</param>
                            <param id="1" name="Visibility">0</param>
                        </action>
                    </actions>
                </event-block>
                <event-block sid="642838263871736">
                    <conditions>
                        <condition id="4" name="Is touching object" sid="698634515324995" type="Touch">
                            <param id="0" name="Object">btnstart</param>
                        </condition>
                    </conditions>
                    <actions>
                        <action id="5" name="Set frame" sid="520076966472310" type="btnpause">
                            <param id="0" name="Frame number">0</param>
                        </action>
                        <action id="-13" name="Set time scale" sid="129341826206517" type="System">
                            <param id="0" name="Time scale">1.0</param>
                        </action>
                        <action id="-4" name="Set layer visible" sid="350682583926473" type="System">
                            <param id="0" name="Layer">&quot;pause&quot;</param>
                            <param id="1" name="Visibility">0</param>
                        </action>
                        <action id="-9" name="Set value" sid="179278391445957" type="System">
                            <param id="0" name="Variable">Pause</param>
                            <param id="1" name="Value">0</param>
                        </action>
                    </actions>
                </event-block>
            </sub-events>
        </event-block>
        <event-block sid="905359911221034">
            <conditions>
                <condition id="-9" name="Layer is visible" sid="463711969362897" type="System">
                    <param id="0" name="Layer">&quot;gameover&quot;</param>
                </condition>
            </conditions>
            <actions />
            <sub-events>
                <event-block sid="828571465990179">
                    <conditions>
                        <condition id="4" name="Is touching object" sid="868182254558471" type="Touch">
                            <param id="0" name="Object">btnexit</param>
                        </condition>
                    </conditions>
                    <actions>
                        <action id="5" name="Set frame" sid="842475927521765" type="btnpause">
                            <param id="0" name="Frame number">0</param>
                        </action>
                        <action id="-13" name="Set time scale" sid="497353800752819" type="System">
                            <param id="0" name="Time scale">1.0</param>
                        </action>
                        <action id="-4" name="Set layer visible" sid="500057540461667" type="System">
                            <param id="0" name="Layer">&quot;gameover&quot;</param>
                            <param id="1" name="Visibility">0</param>
                        </action>
                        <action id="-9" name="Set value" sid="178244518147612" type="System">
                            <param id="0" name="Variable">Pause</param>
                            <param id="1" name="Value">0</param>
                        </action>
                    </actions>
                </event-block>
                <event-block sid="318116271520263">
                    <conditions>
                        <condition id="4" name="Is touching object" sid="972597078416312" type="Touch">
                            <param id="0" name="Object">btnapprove</param>
                        </condition>
                    </conditions>
                    <actions>
                        <action id="-2" name="Go to layout" sid="812100500588056" type="System">
                            <param id="0" name="Layout">menu</param>
                        </action>
                    </actions>
                </event-block>
            </sub-events>
        </event-block>
    </events>
</c2eventsheet>
